mc	mn	quarterbeats	quarterbeats_all_endings	duration_qb	mc_onset	mn_onset	timesig	staff	voice	label	alt_label	globalkey	localkey	pedal	chord	numeral	form	figbass	changes	relativeroot	cadence	phraseend	chord_type	globalkey_is_minor	localkey_is_minor	chord_tones	added_tones	root	bass_note
1	1	0	0	8.0	0	0	4/4	3	1	d.i{		d	i		i	i						{	m	1	1	0, -3, 1		0	0
3	3	8	8	2.0	0	0	4/4	3	1	V6		d	i		V6	V		6					M	1	1	5, 2, 1		1	5
3	3	10	10	2.0	1/2	1/2	4/4	3	1	v6		d	i		v6	v		6					m	1	1	-2, 2, 1		1	-2
4	4	12	12	2.0	0	0	4/4	3	1	IV6		d	i		IV6	IV		6					M	1	1	3, 0, -1		-1	3
4	4	14	14	2.0	1/2	1/2	4/4	3	1	iv6		d	i		iv6	iv		6					m	1	1	-4, 0, -1		-1	-4
5	5	16	16	3.0	0	0	4/4	3	1	V	v	d	i		V	V							M	1	1	1, 5, 2		1	1
5	5	19	19	1.0	3/4	3/4	4/4	3	1	i		d	i		i	i							m	1	1	0, -3, 1		0	0
6	6	20	20	2.0	0	0	4/4	3	1	v		d	i		v	v							m	1	1	1, -2, 2		1	1
6	6	22	22	2.0	1/2	1/2	4/4	3	1	v6		d	i		v6	v		6					m	1	1	-2, 2, 1		1	-2
7	7	24	24	1.0	0	0	4/4	3	1	V/v		d	i		V/v	V				v			M	1	1	2, 6, 3		2	2
7	7	25	25	1.0	1/4	1/4	4/4	3	1	V64/v		d	i		V64/v	V		64		v			M	1	1	3, 2, 6		2	3
7	7	26	26	1.0	1/2	1/2	4/4	3	1	ii64		d	i		ii64	ii		64					m	1	1	3, 2, -1		2	3
7	7	27	27	1.0	3/4	3/4	4/4	3	1	#viio		d	i		#viio	#vii	o						o	1	1	5, 2, -1		5	5
8	8	28	28	1.0	0	0	4/4	3	1	I		d	i		I	I							M	1	1	0, 4, 1		0	0
8	8	29	29	1.0	1/4	1/4	4/4	3	1	I64		d	i		I64	I		64					M	1	1	1, 0, 4		0	1
8	8	30	30	1.0	1/2	1/2	4/4	3	1	i64		d	i		i64	i		64					m	1	1	1, 0, -3		0	1
8	8	31	31	1.0	3/4	3/4	4/4	3	1	viio/VII		d	i		viio/VII	vii	o			VII			o	1	1	3, 0, -3		3	3
9	9	32	32	1.0	0	0	4/4	3	1	VII		d	i		VII	VII							M	1	1	-2, 2, -1		-2	-2
9	9	33	33	1.0	1/4	1/4	4/4	3	1	v		d	i		v	v							m	1	1	1, -2, 2		1	1
9	9	34	34	6.0	1/2	1/2	4/4	3	1	i		d	i		i	i							m	1	1	0, -3, 1		0	0
11	11	40	40	2.0	0	0	4/4	3	1	V6		d	i		V6	V		6					M	1	1	5, 2, 1		1	5
11	11	42	42	1.0	1/2	1/2	4/4	3	1	VII		d	i		VII	VII							M	1	1	-2, 2, -1		-2	-2
11	11	43	43	1.0	3/4	3/4	4/4	3	1	viio64/IV		d	i		viio64/IV	vii	o	64		IV			o	1	1	-2, 4, 1		4	-2
12	12	44	44	2.0	0	0	4/4	3	1	IV6		d	i		IV6	IV		6					M	1	1	3, 0, -1		-1	3
12	12	46	46	1.0	1/2	1/2	4/4	3	1	VI		d	i		VI	VI							M	1	1	-4, 0, -3		-4	-4
12	12	47	47	1.0	3/4	3/4	4/4	3	1	viio64/III		d	i		viio64/III	vii	o	64		III			o	1	1	-4, 2, -1		2	-4
13	13	48	48	2.0	0	0	4/4	3	1	III6		d	i		III6	III		6					M	1	1	1, -2, -3		-3	1
13	13	50	50	1.0	1/2	1/2	4/4	3	1	i6(2)		d	i		i6(2)	i		6	2				m	1	1	-3, 1, 2		0	-3
13	13	51	51	1.0	3/4	3/4	4/4	3	1	i		d	i		i	i							m	1	1	0, -3, 1		0	0
14	14	52	52	2.0	0	0	4/4	3	1	v		d	i		v	v							m	1	1	1, -2, 2		1	1
14	14	54	54	2.0	1/2	1/2	4/4	3	1	v6		d	i		v6	v		6					m	1	1	-2, 2, 1		1	-2
15	15	56	56	1.0	0	0	4/4	3	1	V/v		d	i		V/v	V				v			M	1	1	2, 6, 3		2	2
15	15	57	57	1.0	1/4	1/4	4/4	3	1	V64/v		d	i		V64/v	V		64		v			M	1	1	3, 2, 6		2	3
15	15	58	58	1.0	1/2	1/2	4/4	3	1	IV6		d	i		IV6	IV		6					M	1	1	3, 0, -1		-1	3
15	15	59	59	1.0	3/4	3/4	4/4	3	1	#viio		d	i		#viio	#vii	o						o	1	1	5, 2, -1		5	5
16	16	60	60	1.0	0	0	4/4	3	1	I		d	i		I	I							M	1	1	0, 4, 1		0	0
16	16	61	61	1.0	1/4	1/4	4/4	3	1	I64		d	i		I64	I		64					M	1	1	1, 0, 4		0	1
16	16	62	62	1.0	1/2	1/2	4/4	3	1	III6		d	i		III6	III		6					M	1	1	1, -2, -3		-3	1
16	16	63	63	1.0	3/4	3/4	4/4	3	1	viio/VII		d	i		viio/VII	vii	o			VII			o	1	1	3, 0, -3		3	3
17	17	64	64	1.0	0	0	4/4	3	1	V6		d	i		V6	V		6					M	1	1	5, 2, 1		1	5
17	17	65	65	1.0	1/4	1/4	4/4	3	1	#viio		d	i		#viio	#vii	o						o	1	1	5, 2, -1		5	5
17	17	66	66	2.0	1/2	1/2	4/4	3	1	i		d	i		i	i							m	1	1	0, -3, 1		0	0
18	18	68	68	3.0	0	0	4/4	3	1	VI		d	i		VI	VI							M	1	1	-4, 0, -3		-4	-4
18	18	71	71	1.0	3/4	3/4	4/4	3	1	iv6		d	i		iv6	iv		6					m	1	1	-4, 0, -1		-1	-4
19	19	72	72	2.0	0	0	4/4	3	1	V		d	i		V	V							M	1	1	1, 5, 2		1	1
19	19	74	74	1.0	1/2	1/2	4/4	3	1	v		d	i		v	v							m	1	1	1, -2, 2		1	1
19	19	75	75	1.0	3/4	3/4	4/4	3	1	viio6/IV		d	i		viio6/IV	vii	o	6		IV			o	1	1	1, -2, 4		4	1
20	20	76	76	1.0	0	0	4/4	3	1	IV		d	i		IV	IV							M	1	1	-1, 3, 0		-1	-1
20	20	77	77	1.0	1/4	1/4	4/4	3	1	IV64		d	i		IV64	IV		64					M	1	1	0, -1, 3		-1	0
20	20	78	78	1.0	1/2	1/2	4/4	3	1	VI6		d	i		VI6	VI		6					M	1	1	0, -3, -4		-4	0
20	20	79	79	1.0	3/4	3/4	4/4	3	1	viio/III		d	i		viio/III	vii	o			III			o	1	1	2, -1, -4		2	2
21	21	80	80	2.0	0	0	4/4	3	1	III		d	i		III	III							M	1	1	-3, 1, -2		-3	-3
21	21	82	82	6.0	1/2	1/2	4/4	3	1	v		d	i		v	v							m	1	1	1, -2, 2		1	1
23	23	88	88	2.0	0	0	4/4	3	1	V6/v		d	i		V6/v	V		6		v			M	1	1	6, 3, 2		2	6
23	23	90	90	1.0	1/2	1/2	4/4	3	1	IV		d	i		IV	IV							M	1	1	-1, 3, 0		-1	-1
23	23	91	91	1.0	3/4	3/4	4/4	3	1	#viio64		d	i		#viio64	#vii	o	64					o	1	1	-1, 5, 2		5	-1
24	24	92	92	2.0	0	0	4/4	3	1	I6		d	i		I6	I		6					M	1	1	4, 1, 0		0	4
24	24	94	94	1.0	1/2	1/2	4/4	3	1	III		d	i		III	III							M	1	1	-3, 1, -2		-3	-3
24	24	95	95	1.0	3/4	3/4	4/4	3	1	viio64/VII		d	i		viio64/VII	vii	o	64		VII			o	1	1	-3, 3, 0		3	-3
25	25	96	96	2.0	0	0	4/4	3	1	VII6		d	i		VII6	VII		6					M	1	1	2, -1, -2		-2	2
25	25	98	98	2.0	1/2	1/2	4/4	3	1	v		d	i		v	v							m	1	1	1, -2, 2		1	1
26	26	100	100	2.0	0	0	4/4	3	1	i		d	i		i	i							m	1	1	0, -3, 1		0	0
26	26	102	102	2.0	1/2	1/2	4/4	3	1	i6		d	i		i6	i		6					m	1	1	-3, 1, 0		0	-3
27	27	104	104	1.0	0	0	4/4	3	1	V		d	i		V	V							M	1	1	1, 5, 2		1	1
27	27	105	105	1.0	1/4	1/4	4/4	3	1	V64		d	i		V64	V		64					M	1	1	2, 1, 5		1	2
27	27	106	106	1.0	1/2	1/2	4/4	3	1	VII6		d	i		VII6	VII		6					M	1	1	2, -1, -2		-2	2
27	27	107	107	1.0	3/4	3/4	4/4	3	1	viio/IV		d	i		viio/IV	vii	o			IV			o	1	1	4, 1, -2		4	4
28	28	108	108	1.0	0	0	4/4	3	1	IV		d	i		IV	IV							M	1	1	-1, 3, 0		-1	-1
28	28	109	109	1.0	1/4	1/4	4/4	3	1	IV64		d	i		IV64	IV		64					M	1	1	0, -1, 3		-1	0
28	28	110	110	1.0	1/2	1/2	4/4	3	1	VI6		d	i		VI6	VI		6					M	1	1	0, -3, -4		-4	0
28	28	111	111	1.0	3/4	3/4	4/4	3	1	viio/III		d	i		viio/III	vii	o			III			o	1	1	2, -1, -4		2	2
29	29	112	112	2.0	0	0	4/4	3	1	III		d	i		III	III							M	1	1	-3, 1, -2		-3	-3
29	29	114	114	2.0	1/2	1/2	4/4	3	1	i		d	i		i	i							m	1	1	0, -3, 1		0	0
30	30	116	116	2.0	0	0	4/4	3	1	i6		d	i		i6	i		6					m	1	1	-3, 1, 0		0	-3
30	30	118	118	2.0	1/2	1/2	4/4	3	1	V		d	i		V	V							M	1	1	1, 5, 2		1	1
31	31	120	120	2.0	0	0	4/4	3	1	V/v		d	i		V/v	V				v			M	1	1	2, 6, 3		2	2
31	31	122	122	1.0	1/2	1/2	4/4	3	1	IV		d	i		IV	IV							M	1	1	-1, 3, 0		-1	-1
31	31	123	123	1.0	3/4	3/4	4/4	3	1	#viio6		d	i		#viio6	#vii	o	6					o	1	1	2, -1, 5		5	2
32	32	124	124	2.0	0	0	4/4	3	1	I		d	i		I	I							M	1	1	0, 4, 1		0	0
32	32	126	126	1.0	1/2	1/2	4/4	3	1	i6		d	i		i6	i		6					m	1	1	-3, 1, 0		0	-3
32	32	127	127	1.0	3/4	3/4	4/4	3	1	viio6/VII		d	i		viio6/VII	vii	o	6		VII			o	1	1	0, -3, 3		3	0
33	33	128	128	2.0	0	0	4/4	3	1	V		d	i		V	V							M	1	1	1, 5, 2		1	1
33	33	130	130	1.0	1/2	1/2	4/4	3	1	I6		d	i		I6	I		6					M	1	1	4, 1, 0		0	4
33	33	131	131	1.0	3/4	3/4	4/4	3	1	#viio/iv		d	i		#viio/iv	#vii	o			iv			o	1	1	4, 1, -2		4	4
34	34	132	132	2.0	0	0	4/4	3	1	iv		d	i		iv	iv							m	1	1	-1, -4, 0		-1	-1
34	34	134	134	6.0	1/2	1/2	4/4	3	1	i		d	i		i	i							m	1	1	0, -3, 1		0	0
36	36	140	140	2.0	0	0	4/4	3	1	V6		d	i		V6	V		6					M	1	1	5, 2, 1		1	5
36	36	142	142	1.0	1/2	1/2	4/4	3	1	VII		d	i		VII	VII							M	1	1	-2, 2, -1		-2	-2
36	36	143	143	1.0	3/4	3/4	4/4	3	1	vii%43/IV		d	i		vii%43/IV	vii	%	43		IV			%7	1	1	-2, 2, 4, 1		4	-2
37	37	144	144	2.0	0	0	4/4	3	1	IV6		d	i		IV6	IV		6					M	1	1	3, 0, -1		-1	3
37	37	146	146	1.0	1/2	1/2	4/4	3	1	VI		d	i		VI	VI							M	1	1	-4, 0, -3		-4	-4
37	37	147	147	1.0	3/4	3/4	4/4	3	1	vii%43/III		d	i		vii%43/III	vii	%	43		III			%7	1	1	-4, 0, 2, -1		2	-4
38	38	148	148	2.0	0	0	4/4	3	1	III6		d	i		III6	III		6					M	1	1	1, -2, -3		-3	1
38	38	150	150	1.0	1/2	1/2	4/4	3	1	III		d	i		III	III							M	1	1	-3, 1, -2		-3	-3
38	38	151	151	1.0	3/4	3/4	4/4	3	1	i		d	i		i	i							m	1	1	0, -3, 1		0	0
39	39	152	152	2.0	0	0	4/4	3	1	v		d	i		v	v							m	1	1	1, -2, 2		1	1
39	39	154	154	2.0	1/2	1/2	4/4	3	1	v6		d	i		v6	v		6					m	1	1	-2, 2, 1		1	-2
40	40	156	156	1.0	0	0	4/4	3	1	V/v		d	i		V/v	V				v			M	1	1	2, 6, 3		2	2
40	40	157	157	1.0	1/4	1/4	4/4	3	1	#viio6/v		d	i		#viio6/v	#vii	o	6		v			o	1	1	3, 0, 6		6	3
40	40	158	158	1.0	1/2	1/2	4/4	3	1	IV6		d	i		IV6	IV		6					M	1	1	3, 0, -1		-1	3
40	40	159	159	1.0	3/4	3/4	4/4	3	1	#viio		d	i		#viio	#vii	o						o	1	1	5, 2, -1		5	5
41	41	160	160	1.0	0	0	4/4	3	1	I		d	i		I	I							M	1	1	0, 4, 1		0	0
41	41	161	161	1.0	1/4	1/4	4/4	3	1	#viio6/iv		d	i		#viio6/iv	#vii	o	6		iv			o	1	1	1, -2, 4		4	1
41	41	162	162	1.0	1/2	1/2	4/4	3	1	III6		d	i		III6	III		6					M	1	1	1, -2, -3		-3	1
41	41	163	163	1.0	3/4	3/4	4/4	3	1	viio/VII		d	i		viio/VII	vii	o			VII			o	1	1	3, 0, -3		3	3
42	42	164	164	2.0	0	0	4/4	3	1	VII		d	i		VII	VII							M	1	1	-2, 2, -1		-2	-2
42	42	166	166	2.0	1/2	1/2	4/4	3	1	v		d	i		v	v							m	1	1	1, -2, 2		1	1
43	43	168	168	4.0	0	0	4/4	3	1	v6		d	i		v6	v		6					m	1	1	-2, 2, 1		1	-2
44	44	172	172	2.0	0	0	4/4	3	1	V/ii		d	i		V/ii	V				ii			M	1	1	3, 7, 4		3	3
44	44	174	174	1.0	1/2	1/2	4/4	3	1	ii/V		d	i		ii/V	ii				V			m	1	1	3, 0, 4		3	3
44	44	175	175	1.0	3/4	3/4	4/4	3	1	viio6/V		d	i		viio6/V	vii	o	6		V			o	1	1	3, 0, 6		6	3
45	45	176	176	2.0	0	0	4/4	3	1	V		d	i		V	V							M	1	1	1, 5, 2		1	1
45	45	178	178	1.0	1/2	1/2	4/4	3	1	v		d	i		v	v							m	1	1	1, -2, 2		1	1
45	45	179	179	1.0	3/4	3/4	4/4	3	1	#viio6/iv		d	i		#viio6/iv	#vii	o	6		iv			o	1	1	1, -2, 4		4	1
46	46	180	180	1.0	0	0	4/4	3	1	V/v		d	i		V/v	V				v			M	1	1	2, 6, 3		2	2
46	46	181	181	2.0	1/4	1/4	4/4	3	1	V(+4)/v		d	i		V(+4)/v	V			+4	v			M	1	1	2, 6, 3	1	2	2
46	46	183	183	1.0	3/4	3/4	4/4	3	1	V/v		d	i		V/v	V				v			M	1	1	2, 6, 3		2	2
47	47	184	184	4.0	0	0	4/4	3	1	v		d	i		v	v							m	1	1	1, -2, 2		1	1
48	48	188	188	2.0	0	0	4/4	3	1	ii		d	i		ii	ii							m	1	1	2, -1, 3		2	2
48	48	190	190	2.0	1/2	1/2	4/4	3	1	ii6		d	i		ii6	ii		6					m	1	1	-1, 3, 2		2	-1
49	49	192	192	1.0	0	0	4/4	3	1	V/ii		d	i		V/ii	V				ii			M	1	1	3, 7, 4		3	3
49	49	193	193	1.0	1/4	1/4	4/4	3	1	V64/ii		d	i		V64/ii	V		64		ii			M	1	1	4, 3, 7		3	4
49	49	194	194	1.0	1/2	1/2	4/4	3	1	I6		d	i		I6	I		6					M	1	1	4, 1, 0		0	4
49	49	195	195	1.0	3/4	3/4	4/4	3	1	viio/V		d	i		viio/V	vii	o			V			o	1	1	6, 3, 0		6	6
50	50	196	196	1.0	0	0	4/4	3	1	V		d	i		V	V							M	1	1	1, 5, 2		1	1
50	50	197	197	1.0	1/4	1/4	4/4	3	1	V64		d	i		V64	V		64					M	1	1	2, 1, 5		1	2
50	50	198	198	1.0	1/2	1/2	4/4	3	1	VII6		d	i		VII6	VII		6					M	1	1	2, -1, -2		-2	2
50	50	199	199	1.0	3/4	3/4	4/4	3	1	viio/IV		d	i		viio/IV	vii	o			IV			o	1	1	4, 1, -2		4	4
51	51	200	200	2.0	0	0	4/4	3	1	IV		d	i		IV	IV							M	1	1	-1, 3, 0		-1	-1
51	51	202	202	6.0	1/2	1/2	4/4	3	1	ii		d	i		ii	ii							m	1	1	2, -1, 3		2	2
53	53	208	208	2.0	0	0	4/4	3	1	V6/ii		d	i		V6/ii	V		6		ii			M	1	1	7, 4, 3		3	7
53	53	210	210	1.0	1/2	1/2	4/4	3	1	I		d	i		I	I							M	1	1	0, 4, 1		0	0
53	53	211	211	1.0	3/4	3/4	4/4	3	1	viio64/V		d	i		viio64/V	vii	o	64		V			o	1	1	0, 6, 3		6	0
54	54	212	212	2.0	0	0	4/4	3	1	V6		d	i		V6	V		6					M	1	1	5, 2, 1		1	5
54	54	214	214	1.0	1/2	1/2	4/4	3	1	VII		d	i		VII	VII							M	1	1	-2, 2, -1		-2	-2
54	54	215	215	1.0	3/4	3/4	4/4	3	1	viio64/IV		d	i		viio64/IV	vii	o	64		IV			o	1	1	-2, 4, 1		4	-2
55	55	216	216	2.0	0	0	4/4	3	1	IV6		d	i		IV6	IV		6					M	1	1	3, 0, -1		-1	3
55	55	218	218	6.0	1/2	1/2	4/4	3	1	i		d	i		i	i							m	1	1	0, -3, 1		0	0
57	57	224	224	2.0	0	0	4/4	3	1	V6		d	i		V6	V		6					M	1	1	5, 2, 1		1	5
57	57	226	226	2.0	1/2	1/2	4/4	3	1	v6		d	i		v6	v		6					m	1	1	-2, 2, 1		1	-2
58	58	228	228	2.0	0	0	4/4	3	1	#viio6/v		d	i		#viio6/v	#vii	o	6		v			o	1	1	3, 0, 6		6	3
58	58	230	230	2.0	1/2	1/2	4/4	3	1	iv6		d	i		iv6	iv		6					m	1	1	-4, 0, -1		-1	-4
59	59	232	232	2.0	0	0	4/4	3	1	I64		d	i		I64	I		64					M	1	1	1, 0, 4		0	1
59	59	234	234	2.0	1/2	1/2	4/4	3	1	i64		d	i		i64	i		64					m	1	1	1, 0, -3		0	1
60	60	236	236	2.0	0	0	4/4	3	1	V		d	i		V	V							M	1	1	1, 5, 2		1	1
60	60	238	238	2.0	1/2	1/2	4/4	3	1	v		d	i		v	v							m	1	1	1, -2, 2		1	1
61	61	240	240	2.0	0	0	4/4	3	1	V/v		d	i		V/v	V				v			M	1	1	2, 6, 3		2	2
61	61	242	242	2.0	1/2	1/2	4/4	3	1	iv		d	i		iv	iv							m	1	1	-1, -4, 0		-1	-1
62	62	244	244	2.0	0	0	4/4	3	1	I		d	i		I	I							M	1	1	0, 4, 1		0	0
62	62	246	246	1.0	1/2	1/2	4/4	3	1	i		d	i		i	i							m	1	1	0, -3, 1		0	0
62	62	247	247	1.0	3/4	3/4	4/4	3	1	V43/VII		d	i		V43/VII	V		43		VII			Mm7	1	1	0, -3, -1, 3		-1	0
63	63	248	248	2.0	0	0	4/4	3	1	v		d	i		v	v							m	1	1	1, -2, 2		1	1
63	63	250	250	1.0	1/2	1/2	4/4	3	1	v6		d	i		v6	v		6					m	1	1	-2, 2, 1		1	-2
63	63	251	251	1.0	3/4	3/4	4/4	3	1	V7/iv		d	i		V7/iv	V		7		iv			Mm7	1	1	0, 4, 1, -2		0	0
64	64	252	252	2.0	0	0	4/4	3	1	V/v		d	i		V/v	V				v			M	1	1	2, 6, 3		2	2
64	64	254	254	2.0	1/2	1/2	4/4	3	1	IV6		d	i		IV6	IV		6					M	1	1	3, 0, -1		-1	3
65	65	256	256	2.0	0	0	4/4	3	1	I		d	i		I	I							M	1	1	0, 4, 1		0	0
65	65	258	258	2.0	1/2	1/2	4/4	3	1	III6		d	i		III6	III		6					M	1	1	1, -2, -3		-3	1
66	66	260	260	2.0	0	0	4/4	3	1	VII		d	i		VII	VII							M	1	1	-2, 2, -1		-2	-2
66	66	262	262	2.0	1/2	1/2	4/4	3	1	iv		d	i		iv	iv							m	1	1	-1, -4, 0		-1	-1
67	67	264	264	2.0	0	0	4/4	3	1	VI		d	i		VI	VI							M	1	1	-4, 0, -3		-4	-4
67	67	266	266	2.0	1/2	1/2	4/4	3	1	III		d	i		III	III							M	1	1	-3, 1, -2		-3	-3
68	68	268	268	2.0	0	0	4/4	3	1	v		d	i		v	v							m	1	1	1, -2, 2		1	1
68	68	270	270	2.0	1/2	1/2	4/4	3	1	V(64)		d	i		V(64)	V			64				M	1	1	1, 0, -3		1	1
69	69	272	272	0.5	0	0	4/4	3	1	V(4)		d	i		V(4)	V			4				M	1	1	1, 0, 2		1	1
69	69	545/2	545/2	0.5	1/8	1/8	4/4	3	1	V		d	i		V	V							M	1	1	1, 5, 2		1	1
69	69	273	273	1.0	1/4	1/4	4/4	3	1	V(64)		d	i		V(64)	V			64				M	1	1	1, 0, -3		1	1
69	69	274	274	1.0	1/2	1/2	4/4	3	1	V(4)		d	i		V(4)	V			4				M	1	1	1, 0, 2		1	1
69	69	275	275	1.0	3/4	3/4	4/4	3	1	V		d	i		V	V							M	1	1	1, 5, 2		1	1
70	70	276	276	8.0	0	0	4/4	3	1	i		d	i		i	i							m	1	1	0, -3, 1		0	0
72	72	284	284	1.0	0	0	4/4	3	1	V64/v		d	i		V64/v	V		64		v			M	1	1	3, 2, 6		2	3
72	72	285	285	1.0	1/4	1/4	4/4	3	1	V/v		d	i		V/v	V				v			M	1	1	2, 6, 3		2	2
72	72	286	286	1.0	1/2	1/2	4/4	3	1	ii		d	i		ii	ii							m	1	1	2, -1, 3		2	2
72	72	287	287	1.0	3/4	3/4	4/4	3	1	ii64		d	i		ii64	ii		64					m	1	1	3, 2, -1		2	3
73	73	288	288	1.0	0	0	4/4	3	1	I64		d	i		I64	I		64					M	1	1	1, 0, 4		0	1
73	73	289	289	1.0	1/4	1/4	4/4	3	1	I		d	i		I	I							M	1	1	0, 4, 1		0	0
73	73	290	290	1.0	1/2	1/2	4/4	3	1	i		d	i		i	i							m	1	1	0, -3, 1		0	0
73	73	291	291	1.0	3/4	3/4	4/4	3	1	i64		d	i		i64	i		64					m	1	1	1, 0, -3		0	1
74	74	292	292	1.0	0	0	4/4	3	1	ii6		d	i		ii6	ii		6					m	1	1	-1, 3, 2		2	-1
74	74	293	293	7.0	1/4	1/4	4/4	3	1	v		d	i		v	v							m	1	1	1, -2, 2		1	1
76	76	300	300	2.0	0	0	4/4	3	1	V6/v		d	i		V6/v	V		6		v			M	1	1	6, 3, 2		2	6
76	76	302	302	2.0	1/2	1/2	4/4	3	1	ii6		d	i		ii6	ii		6					m	1	1	-1, 3, 2		2	-1
77	77	304	304	1.0	0	0	4/4	3	1	I6(2)		d	i		I6(2)	I		6	2				M	1	1	4, 1, 2		0	4
77	77	305	305	1.0	1/4	1/4	4/4	3	1	I6		d	i		I6	I		6					M	1	1	4, 1, 0		0	4
77	77	306	306	2.0	1/2	1/2	4/4	3	1	i6		d	i		i6	i		6					m	1	1	-3, 1, 0		0	-3
78	78	308	308	2.0	0	0	4/4	3	1	ii		d	i		ii	ii							m	1	1	2, -1, 3		2	2
78	78	310	310	6.0	1/2	1/2	4/4	3	1	i		d	i		i	i							m	1	1	0, -3, 1		0	0
80	80	316	316	2.0	0	0	4/4	3	1	V6		d	i		V6	V		6					M	1	1	5, 2, 1		1	5
80	80	318	318	2.0	1/2	1/2	4/4	3	1	v6		d	i		v6	v		6					m	1	1	-2, 2, 1		1	-2
81	81	320	320	1.0	0	0	4/4	3	1	IV6(2)		d	i		IV6(2)	IV		6	2				M	1	1	3, 0, 1		-1	3
81	81	321	321	1.0	1/4	1/4	4/4	3	1	IV6		d	i		IV6	IV		6					M	1	1	3, 0, -1		-1	3
81	81	322	322	1.0	1/2	1/2	4/4	3	1	iv6		d	i		iv6	iv		6					m	1	1	-4, 0, -1		-1	-4
81	81	323	323	1.0	3/4	3/4	4/4	3	1	vii%43/III		d	i		vii%43/III	vii	%	43		III			%7	1	1	-4, 0, 2, -1		2	-4
82	82	324	324	1.0	0	0	4/4	3	1	III6		d	i		III6	III		6					M	1	1	1, -2, -3		-3	1
82	82	325	325	2.0	1/4	1/4	4/4	3	1	v		d	i		v	v							m	1	1	1, -2, 2		1	1
82	82	327	327	1.0	3/4	3/4	4/4	3	1	i6		d	i		i6	i		6					m	1	1	-3, 1, 0		0	-3
83	83	328	328	1.0	0	0	4/4	3	1	i		d	i		i	i							m	1	1	0, -3, 1		0	0
83	83	329	329	2.0	1/4	1/4	4/4	3	1	IV		d	i		IV	IV							M	1	1	-1, 3, 0		-1	-1
83	83	331	331	1.0	3/4	3/4	4/4	3	1	VII6		d	i		VII6	VII		6					M	1	1	2, -1, -2		-2	2
84	84	332	332	1.0	0	0	4/4	3	1	VII		d	i		VII	VII							M	1	1	-2, 2, -1		-2	-2
84	84	333	333	2.0	1/4	1/4	4/4	3	1	III		d	i		III	III							M	1	1	-3, 1, -2		-3	-3
84	84	335	335	1.0	3/4	3/4	4/4	3	1	i		d	i		i	i							m	1	1	0, -3, 1		0	0
85	85	336	336	1.0	0	0	4/4	3	1	IV6		d	i		IV6	IV		6					M	1	1	3, 0, -1		-1	3
85	85	337	337	1.0	1/4	1/4	4/4	3	1	IV		d	i		IV	IV							M	1	1	-1, 3, 0		-1	-1
85	85	338	338	2.0	1/2	1/2	4/4	3	1	VII		d	i		VII	VII							M	1	1	-2, 2, -1		-2	-2
86	86	340	340	1.0	0	0	4/4	3	1	v		d	i		v	v							m	1	1	1, -2, 2		1	1
86	86	341	341	1.0	1/4	1/4	4/4	3	1	III		d	i		III	III							M	1	1	-3, 1, -2		-3	-3
86	86	342	342	1.0	1/2	1/2	4/4	3	1	V6(4)/III		d	i		V6(4)/III	V		6	4	III			M	1	1	-3, -1, -2		-2	-3
86	86	343	343	1.0	3/4	3/4	4/4	3	1	V6/III		d	i		V6/III	V		6		III			M	1	1	2, -1, -2		-2	2
87	87	344	344	2.0	0	0	4/4	3	1	III		d	i		III	III							M	1	1	-3, 1, -2		-3	-3
87	87	346	346	2.0	1/2	1/2	4/4	3	1	III6		d	i		III6	III		6					M	1	1	1, -2, -3		-3	1
88	88	348	348	2.0	0	0	4/4	3	1	VI		d	i		VI	VI							M	1	1	-4, 0, -3		-4	-4
88	88	350	350	1.0	1/2	1/2	4/4	3	1	iv6		d	i		iv6	iv		6					m	1	1	-4, 0, -1		-1	-4
88	88	351	351	2.0	3/4	3/4	4/4	3	1	iv		d	i		iv	iv							m	1	1	-1, -4, 0		-1	-1
89	89	353	353	1.0	1/4	1/4	4/4	3	1	i64		d	i		i64	i		64					m	1	1	1, 0, -3		0	1
89	89	354	354	2.0	1/2	1/2	4/4	3	1	iv6		d	i		iv6	iv		6					m	1	1	-4, 0, -1		-1	-4
90	90	356	356	2.0	0	0	4/4	3	1	V		d	i		V	V							M	1	1	1, 5, 2		1	1
90	90	358	358	1.0	1/2	1/2	4/4	3	1	III6		d	i		III6	III		6					M	1	1	1, -2, -3		-3	1
90	90	359	359	1.0	3/4	3/4	4/4	3	1	III		d	i		III	III							M	1	1	-3, 1, -2		-3	-3
91	91	360	360	1.0	0	0	4/4	3	1	#vi%65		d	i		#vi%65	#vi	%	65					%7	1	1	0, -3, 1, 3		3	0
91	91	361	361	1.0	1/4	1/4	4/4	3	1	ii		d	i		ii	ii							m	1	1	2, -1, 3		2	2
91	91	362	362	2.0	1/2	1/2	4/4	3	1	iv		d	i		iv	iv							m	1	1	-1, -4, 0		-1	-1
92	92	364	364	2.0	0	0	4/4	3	1	v		d	i		v	v							m	1	1	1, -2, 2		1	1
92	92	366	366	1.0	1/2	1/2	4/4	3	1	v64		d	i		v64	v		64					m	1	1	2, 1, -2		1	2
92	92	367	367	1.0	3/4	3/4	4/4	3	1	v		d	i		v	v							m	1	1	1, -2, 2		1	1
93	93	368	368	1.0	0	0	4/4	3	1	i		d	i		i	i							m	1	1	0, -3, 1		0	0
93	93	369	369	1.0	1/4	1/4	4/4	3	1	VI		d	i		VI	VI							M	1	1	-4, 0, -3		-4	-4
93	93	370	370	1.0	1/2	1/2	4/4	3	1	ii%65		d	i		ii%65	ii	%	65					%7	1	1	-1, -4, 0, 2		2	-1
93	93	371	371	1.0	3/4	3/4	4/4	3	1	V		d	i		V	V							M	1	1	1, 5, 2		1	1
94	94	372	372	2.0	0	0	4/4	3	1	VI		d	i		VI	VI							M	1	1	-4, 0, -3		-4	-4
94	94	374	374	1.0	1/2	1/2	4/4	3	1	iv		d	i		iv	iv							m	1	1	-1, -4, 0		-1	-1
94	94	375	375	1.0	3/4	3/4	4/4	3	1	iio6		d	i		iio6	ii	o	6					o	1	1	-1, -4, 2		2	-1
95	95	376	376	4.0	0	0	4/4	3	1	i		d	i		i	i							m	1	1	0, -3, 1		0	0
96	96	380	380	4.0	0	0	4/4	3	1	v		d	i		v	v							m	1	1	1, -2, 2		1	1
97	97	384	384	1.0	0	0	4/4	3	1	V/v		d	i		V/v	V				v			M	1	1	2, 6, 3		2	2
97	97	385	385	1.0	1/4	1/4	4/4	3	1	iv/v		d	i		iv/v	iv				v			m	1	1	0, -3, 1		0	0
97	97	386	386	1.0	1/2	1/2	4/4	3	1	ii%65/v		d	i		ii%65/v	ii	%	65		v			%7	1	1	0, -3, 1, 3		3	0
97	97	387	387	1.0	3/4	3/4	4/4	3	1	V/v		d	i		V/v	V				v			M	1	1	2, 6, 3		2	2
98	98	388	388	1.0	0	0	4/4	3	1	III		d	i		III	III							M	1	1	-3, 1, -2		-3	-3
98	98	389	389	1.0	1/4	1/4	4/4	3	1	i		d	i		i	i							m	1	1	0, -3, 1		0	0
98	98	390	390	1.0	1/2	1/2	4/4	3	1	III		d	i		III	III							M	1	1	-3, 1, -2		-3	-3
98	98	391	391	1.0	3/4	3/4	4/4	3	1	viio6/VII		d	i		viio6/VII	vii	o	6		VII			o	1	1	0, -3, 3		3	0
99	99	392	392	1.0	0	0	4/4	3	1	VII		d	i		VII	VII							M	1	1	-2, 2, -1		-2	-2
99	99	393	393	1.0	1/4	1/4	4/4	3	1	i		d	i		i	i							m	1	1	0, -3, 1		0	0
99	99	394	394	1.0	1/2	1/2	4/4	3	1	VII6		d	i		VII6	VII		6					M	1	1	2, -1, -2		-2	2
99	99	395	395	1.0	3/4	3/4	4/4	3	1	i6		d	i		i6	i		6					m	1	1	-3, 1, 0		0	-3
100	100	396	396	1.0	0	0	4/4	3	1	V/V		d	i		V/V	V				V			M	1	1	2, 6, 3		2	2
100	100	397	397	1.0	1/4	1/4	4/4	3	1	V6		d	i		V6	V		6					M	1	1	5, 2, 1		1	5
100	100	398	398	1.0	1/2	1/2	4/4	3	1	i		d	i		i	i							m	1	1	0, -3, 1		0	0
100	100	399	399	1.0	3/4	3/4	4/4	3	1	#viio6/v		d	i		#viio6/v	#vii	o	6		v			o	1	1	3, 0, 6		6	3
101	101	400	400	4.0	0	0	4/4	3	1	v		d	i		v	v							m	1	1	1, -2, 2		1	1
102	102	404	404	1.0	0	0	4/4	3	1	VII		d	i		VII	VII							M	1	1	-2, 2, -1		-2	-2
102	102	405	405	3.0	1/4	1/4	4/4	3	1	v		d	i		v	v							m	1	1	1, -2, 2		1	1
103	103	408	408	1.0	0	0	4/4	3	1	VII		d	i		VII	VII							M	1	1	-2, 2, -1		-2	-2
103	103	409	409	1.0	1/4	1/4	4/4	3	1	v		d	i		v	v							m	1	1	1, -2, 2		1	1
103	103	410	410	1.0	1/2	1/2	4/4	3	1	VII		d	i		VII	VII							M	1	1	-2, 2, -1		-2	-2
103	103	411	411	1.0	3/4	3/4	4/4	3	1	#viio6/iv		d	i		#viio6/iv	#vii	o	6		iv			o	1	1	1, -2, 4		4	1
104	104	412	412	4.0	0	0	4/4	3	1	iv		d	i		iv	iv							m	1	1	-1, -4, 0		-1	-1
105	105	416	416	4.0	0	0	4/4	3	1	i		d	i		i	i							m	1	1	0, -3, 1		0	0
106	106	420	420	1.0	0	0	4/4	3	1	i6		d	i		i6	i		6					m	1	1	-3, 1, 0		0	-3
106	106	421	421	3.0	1/4	1/4	4/4	3	1	i		d	i		i	i							m	1	1	0, -3, 1		0	0
107	107	424	424	4.0	0	0	4/4	3	1	V		d	i		V	V							M	1	1	1, 5, 2		1	1
108	108	428	428	1.0	0	0	4/4	3	1	VII6		d	i		VII6	VII		6					M	1	1	2, -1, -2		-2	2
108	108	429	429	3.0	1/4	1/4	4/4	3	1	VII		d	i		VII	VII							M	1	1	-2, 2, -1		-2	-2
109	109	432	432	4.0	0	0	4/4	3	1	IV		d	i		IV	IV							M	1	1	-1, 3, 0		-1	-1
110	110	436	436	1.0	0	0	4/4	3	1	VI6		d	i		VI6	VI		6					M	1	1	0, -3, -4		-4	0
110	110	437	437	1.0	1/4	1/4	4/4	3	1	VI		d	i		VI	VI							M	1	1	-4, 0, -3		-4	-4
110	110	438	438	2.0	1/2	1/2	4/4	3	1	VI6		d	i		VI6	VI		6					M	1	1	0, -3, -4		-4	0
111	111	440	440	1.0	0	0	4/4	3	1	III		d	i		III	III							M	1	1	-3, 1, -2		-3	-3
111	111	441	441	1.0	1/4	1/4	4/4	3	1	i		d	i		i	i							m	1	1	0, -3, 1		0	0
111	111	442	442	2.0	1/2	1/2	4/4	3	1	i6		d	i		i6	i		6					m	1	1	-3, 1, 0		0	-3
112	112	444	444	1.0	0	0	4/4	3	1	v6		d	i		v6	v		6					m	1	1	-2, 2, 1		1	-2
112	112	445	445	1.0	1/4	1/4	4/4	3	1	i		d	i		i	i							m	1	1	0, -3, 1		0	0
112	112	446	446	2.0	1/2	1/2	4/4	3	1	v		d	i		v	v							m	1	1	1, -2, 2		1	1
113	113	448	448	8.0	0	0	4/4	3	1	VII		d	i		VII	VII							M	1	1	-2, 2, -1		-2	-2
115	115	456	456	1.0	0	0	4/4	3	1	ii		d	i		ii	ii							m	1	1	2, -1, 3		2	2
115	115	457	457	3.0	1/4	1/4	4/4	3	1	VII		d	i		VII	VII							M	1	1	-2, 2, -1		-2	-2
116	116	460	460	1.0	0	0	4/4	3	1	ii		d	i		ii	ii							m	1	1	2, -1, 3		2	2
116	116	461	461	1.0	1/4	1/4	4/4	3	1	VII		d	i		VII	VII							M	1	1	-2, 2, -1		-2	-2
116	116	462	462	2.0	1/2	1/2	4/4	3	1	VII6		d	i		VII6	VII		6					M	1	1	2, -1, -2		-2	2
117	117	464	464	2.0	0	0	4/4	3	1	#viio6/v		d	i		#viio6/v	#vii	o	6		v			o	1	1	3, 0, 6		6	3
117	117	466	466	2.0	1/2	1/2	4/4	3	1	v		d	i		v	v							m	1	1	1, -2, 2		1	1
118	118	468	468	1.0	0	0	4/4	3	1	V/v		d	i		V/v	V				v			M	1	1	2, 6, 3		2	2
118	118	469	469	1.0	1/4	1/4	4/4	3	1	V(64)/v		d	i		V(64)/v	V			64	v			M	1	1	2, 1, -2		2	2
118	118	470	470	1.0	1/2	1/2	4/4	3	1	V(4)/v		d	i		V(4)/v	V			4	v			M	1	1	2, 1, 3		2	2
118	118	471	471	1.0	3/4	3/4	4/4	3	1	V/v		d	i		V/v	V				v			M	1	1	2, 6, 3		2	2
119	119	472	472	12.0	0	0	4/4	3	1	i		d	i		i	i							m	1	1	0, -3, 1		0	0
122	122	484	484	4.0	0	0	4/4	3	1	V6		d	i		V6	V		6					M	1	1	5, 2, 1		1	5
123	123	488	488	4.0	0	0	4/4	3	1	v6		d	i		v6	v		6					m	1	1	-2, 2, 1		1	-2
124	124	492	492	4.0	0	0	4/4	3	1	IV6		d	i		IV6	IV		6					M	1	1	3, 0, -1		-1	3
125	125	496	496	4.0	0	0	4/4	3	1	iv6		d	i		iv6	iv		6					m	1	1	-4, 0, -1		-1	-4
126	126	500	500	1.0	0	0	4/4	3	1	V(4)		d	i		V(4)	V			4				M	1	1	1, 0, 2		1	1
126	126	501	501	3.0	1/4	1/4	4/4	3	1	V		d	i		V	V							M	1	1	1, 5, 2		1	1
127	127	504	504	2.0	0	0	4/4	3	1	v		d	i		v	v							m	1	1	1, -2, 2		1	1
127	127	506	506	1.0	1/2	1/2	4/4	3	1	i6		d	i		i6	i		6					m	1	1	-3, 1, 0		0	-3
127	127	507	507	1.0	3/4	3/4	4/4	3	1	V43		d	i		V43	V		43					Mm7	1	1	2, -1, 1, 5		1	2
128	128	508	508	1.0	0	0	4/4	3	1	i		d	i		i	i							m	1	1	0, -3, 1		0	0
128	128	509	509	1.0	1/4	1/4	4/4	3	1	v6		d	i		v6	v		6					m	1	1	-2, 2, 1		1	-2
128	128	510	510	1.0	1/2	1/2	4/4	3	1	i6(2)		d	i		i6(2)	i		6	2				m	1	1	-3, 1, 2		0	-3
128	128	511	511	1.0	3/4	3/4	4/4	3	1	i6		d	i		i6	i		6					m	1	1	-3, 1, 0		0	-3
129	129	512	512	4.0	0	0	4/4	3	1	V/v		d	i		V/v	V				v			M	1	1	2, 6, 3		2	2
130	130	516	516	1.0	0	0	4/4	3	1	VII6		d	i		VII6	VII		6					M	1	1	2, -1, -2		-2	2
130	130	517	517	1.0	1/4	1/4	4/4	3	1	ii		d	i		ii	ii							m	1	1	2, -1, 3		2	2
130	130	518	518	1.0	1/2	1/2	4/4	3	1	VII6		d	i		VII6	VII		6					M	1	1	2, -1, -2		-2	2
130	130	519	519	1.0	3/4	3/4	4/4	3	1	ii		d	i		ii	ii							m	1	1	2, -1, 3		2	2
131	131	520	520	2.0	0	0	4/4	3	1	I6(2)		d	i		I6(2)	I		6	2				M	1	1	4, 1, 2		0	4
131	131	522	522	1.0	1/2	1/2	4/4	3	1	I6		d	i		I6	I		6					M	1	1	4, 1, 0		0	4
131	131	523	523	1.0	3/4	3/4	4/4	3	1	#iii6		d	i		#iii6	#iii		6					m	1	1	1, 5, 4		4	1
132	132	524	524	2.0	0	0	4/4	3	1	i		d	i		i	i							m	1	1	0, -3, 1		0	0
132	132	526	526	2.0	1/2	1/2	4/4	3	1	VI		d	i		VI	VI							M	1	1	-4, 0, -3		-4	-4
133	133	528	528	2.0	0	0	4/4	3	1	ii%65		d	i		ii%65	ii	%	65					%7	1	1	-1, -4, 0, 2		2	-1
133	133	530	530	4.0	1/2	1/2	4/4	3	1	V		d	i		V	V							M	1	1	1, 5, 2		1	1
134	134	534	534	1.0	1/2	1/2	4/4	3	1	#iii6		d	i		#iii6	#iii		6					m	1	1	1, 5, 4		4	1
134	134	535	535	1.0	3/4	3/4	4/4	3	1	V		d	i		V	V							M	1	1	1, 5, 2		1	1
135	135	536	536	2.0	0	0	4/4	3	1	I		d	i		I	I							M	1	1	0, 4, 1		0	0
135	135	538	538	2.0	1/2	1/2	4/4	3	1	viio/VII		d	i		viio/VII	vii	o			VII			o	1	1	3, 0, -3		3	3
136	136	540	540	2.0	0	0	4/4	3	1	V/VII		d	i		V/VII	V				VII			M	1	1	-1, 3, 0		-1	-1
136	136	542	542	2.0	1/2	1/2	4/4	3	1	V6/VII		d	i		V6/VII	V		6		VII			M	1	1	3, 0, -1		-1	3
137	137	544	544	2.0	0	0	4/4	3	1	VII		d	i		VII	VII							M	1	1	-2, 2, -1		-2	-2
137	137	546	546	2.0	1/2	1/2	4/4	3	1	v		d	i		v	v							m	1	1	1, -2, 2		1	1
138	138	548	548	1.0	0	0	4/4	3	1	III		d	i		III	III							M	1	1	-3, 1, -2		-3	-3
138	138	549	549	1.0	1/4	1/4	4/4	3	1	VII6		d	i		VII6	VII		6					M	1	1	2, -1, -2		-2	2
138	138	550	550	1.0	1/2	1/2	4/4	3	1	III		d	i		III	III							M	1	1	-3, 1, -2		-3	-3
138	138	551	551	1.0	3/4	3/4	4/4	3	1	VII		d	i		VII	VII							M	1	1	-2, 2, -1		-2	-2
139	139	552	552	1.0	0	0	4/4	3	1	i		d	i		i	i							m	1	1	0, -3, 1		0	0
139	139	553	553	1.0	1/4	1/4	4/4	3	1	ii%43		d	i		ii%43	ii	%	43					%7	1	1	-4, 0, 2, -1		2	-4
139	139	554	554	1.0	1/2	1/2	4/4	3	1	V(4)		d	i		V(4)	V			4				M	1	1	1, 0, 2		1	1
139	139	555	555	1.0	3/4	3/4	4/4	3	1	V		d	i		V	V							M	1	1	1, 5, 2		1	1
140	140	556	556	3.0	0	0	4/4	3	1	i		d	i		i	i							m	1	1	0, -3, 1		0	0
140	140	559	559	1.0	3/4	3/4	4/4	3	1	i6		d	i		i6	i		6					m	1	1	-3, 1, 0		0	-3
141	141	560	560	2.0	0	0	4/4	3	1	V		d	i		V	V							M	1	1	1, 5, 2		1	1
141	141	562	562	2.0	1/2	1/2	4/4	3	1	v		d	i		v	v							m	1	1	1, -2, 2		1	1
142	142	564	564	4.0	0	0	4/4	3	1	V/v		d	i		V/v	V				v			M	1	1	2, 6, 3		2	2
143	143	568	568	1.0	0	0	4/4	3	1	iv		d	i		iv	iv							m	1	1	-1, -4, 0		-1	-1
143	143	569	569	1.0	1/4	1/4	4/4	3	1	iv6		d	i		iv6	iv		6					m	1	1	-4, 0, -1		-1	-4
143	143	570	570	2.0	1/2	1/2	4/4	3	1	iv		d	i		iv	iv							m	1	1	-1, -4, 0		-1	-1
144	144	572	572	1.0	0	0	4/4	3	1	I		d	i		I	I							M	1	1	0, 4, 1		0	0
144	144	573	573	1.0	1/4	1/4	4/4	3	1	I6		d	i		I6	I		6					M	1	1	4, 1, 0		0	4
144	144	574	574	2.0	1/2	1/2	4/4	3	1	I		d	i		I	I							M	1	1	0, 4, 1		0	0
145	145	576	576	4.0	0	0	4/4	3	1	III		d	i		III	III							M	1	1	-3, 1, -2		-3	-3
146	146	580	580	5.0	0	0	4/4	3	1	V/III		d	i		V/III	V				III			M	1	1	-2, 2, -1		-2	-2
147	147	585	585	2.0	1/4	1/4	4/4	3	1	V(+4)/III		d	i		V(+4)/III	V			+4	III			M	1	1	-2, 2, -1	-3	-2	-2
147	147	587	587	1.0	3/4	3/4	4/4	3	1	V/III		d	i		V/III	V				III			M	1	1	-2, 2, -1		-2	-2
148	148	588	588	1.0	0	0	4/4	3	1	VI6		d	i		VI6	VI		6					M	1	1	0, -3, -4		-4	0
148	148	589	589	1.0	1/4	1/4	4/4	3	1	i		d	i		i	i							m	1	1	0, -3, 1		0	0
148	148	590	590	1.0	1/2	1/2	4/4	3	1	iv6(2)		d	i		iv6(2)	iv		6	2				m	1	1	-4, 0, 1		-1	-4
148	148	591	591	1.0	3/4	3/4	4/4	3	1	iv6		d	i		iv6	iv		6					m	1	1	-4, 0, -1		-1	-4
149	149	592	592	2.0	0	0	4/4	3	1	V		d	i		V	V							M	1	1	1, 5, 2		1	1
149	149	594	594	1.0	1/2	1/2	4/4	3	1	v		d	i		v	v							m	1	1	1, -2, 2		1	1
149	149	595	595	1.0	3/4	3/4	4/4	3	1	v6		d	i		v6	v		6					m	1	1	-2, 2, 1		1	-2
150	150	596	596	1.0	0	0	4/4	3	1	V/v		d	i		V/v	V				v			M	1	1	2, 6, 3		2	2
150	150	597	597	1.0	1/4	1/4	4/4	3	1	ii6		d	i		ii6	ii		6					m	1	1	-1, 3, 2		2	-1
150	150	598	598	1.0	1/2	1/2	4/4	3	1	I		d	i		I	I							M	1	1	0, 4, 1		0	0
150	150	599	599	1.0	3/4	3/4	4/4	3	1	i6		d	i		i6	i		6					m	1	1	-3, 1, 0		0	-3
151	151	600	600	1.0	0	0	4/4	3	1	v		d	i		v	v							m	1	1	1, -2, 2		1	1
151	151	601	601	1.0	1/4	1/4	4/4	3	1	v6		d	i		v6	v		6					m	1	1	-2, 2, 1		1	-2
151	151	602	602	1.0	1/2	1/2	4/4	3	1	VII		d	i		VII	VII							M	1	1	-2, 2, -1		-2	-2
151	151	603	603	1.0	3/4	3/4	4/4	3	1	VII6		d	i		VII6	VII		6					M	1	1	2, -1, -2		-2	2
152	152	604	604	1.0	0	0	4/4	3	1	V/ii		d	i		V/ii	V				ii			M	1	1	3, 7, 4		3	3
152	152	605	605	1.0	1/4	1/4	4/4	3	1	i		d	i		i	i							m	1	1	0, -3, 1		0	0
152	152	606	606	1.0	1/2	1/2	4/4	3	1	V		d	i		V	V							M	1	1	1, 5, 2		1	1
152	152	607	607	1.0	3/4	3/4	4/4	3	1	v		d	i		v	v							m	1	1	1, -2, 2		1	1
153	153	608	608	1.0	0	0	4/4	3	1	ii64		d	i		ii64	ii		64					m	1	1	3, 2, -1		2	3
153	153	609	609	1.0	1/4	1/4	4/4	3	1	IV6		d	i		IV6	IV		6					M	1	1	3, 0, -1		-1	3
153	153	610	610	2.0	1/2	1/2	4/4	3	1	I		d	i		I	I							M	1	1	0, 4, 1		0	0
154	154	612	612	1.0	0	0	4/4	3	1	V64		d	i		V64	V		64					M	1	1	2, 1, 5		1	2
154	154	613	613	1.0	1/4	1/4	4/4	3	1	v		d	i		v	v							m	1	1	1, -2, 2		1	1
154	154	614	614	1.0	1/2	1/2	4/4	3	1	IV6		d	i		IV6	IV		6					M	1	1	3, 0, -1		-1	3
154	154	615	615	1.0	3/4	3/4	4/4	3	1	iv		d	i		iv	iv							m	1	1	-1, -4, 0		-1	-1
155	155	616	616	3.0	0	0	4/4	3	1	v		d	i		v	v							m	1	1	1, -2, 2		1	1
155	155	619	619	1.0	3/4	3/4	4/4	3	1	v6		d	i		v6	v		6					m	1	1	-2, 2, 1		1	-2
156	156	620	620	1.0	0	0	4/4	3	1	IV		d	i		IV	IV							M	1	1	-1, 3, 0		-1	-1
156	156	621	621	1.0	1/4	1/4	4/4	3	1	iv		d	i		iv	iv							m	1	1	-1, -4, 0		-1	-1
156	156	622	622	1.0	1/2	1/2	4/4	3	1	i		d	i		i	i							m	1	1	0, -3, 1		0	0
156	156	623	623	1.0	3/4	3/4	4/4	3	1	i6		d	i		i6	i		6					m	1	1	-3, 1, 0		0	-3
157	157	624	624	1.0	0	0	4/4	3	1	VII		d	i		VII	VII							M	1	1	-2, 2, -1		-2	-2
157	157	625	625	1.0	1/4	1/4	4/4	3	1	iv		d	i		iv	iv							m	1	1	-1, -4, 0		-1	-1
157	157	626	626	1.0	1/2	1/2	4/4	3	1	iv6		d	i		iv6	iv		6					m	1	1	-4, 0, -1		-1	-4
157	157	627	627	1.0	3/4	3/4	4/4	3	1	iv		d	i		iv	iv							m	1	1	-1, -4, 0		-1	-1
158	158	628	628	1.0	0	0	4/4	3	1	v		d	i		v	v							m	1	1	1, -2, 2		1	1
158	158	629	629	1.0	1/4	1/4	4/4	3	1	III		d	i		III	III							M	1	1	-3, 1, -2		-3	-3
158	158	630	630	1.0	1/2	1/2	4/4	3	1	VII		d	i		VII	VII							M	1	1	-2, 2, -1		-2	-2
158	158	631	631	1.0	3/4	3/4	4/4	3	1	IV		d	i		IV	IV							M	1	1	-1, 3, 0		-1	-1
159	159	632	632	1.0	0	0	4/4	3	1	I64		d	i		I64	I		64					M	1	1	1, 0, 4		0	1
159	159	633	633	1.0	1/4	1/4	4/4	3	1	IV		d	i		IV	IV							M	1	1	-1, 3, 0		-1	-1
159	159	634	634	2.0	1/2	1/2	4/4	3	1	VII		d	i		VII	VII							M	1	1	-2, 2, -1		-2	-2
160	160	636	636	1.0	0	0	4/4	3	1	I64		d	i		I64	I		64					M	1	1	1, 0, 4		0	1
160	160	637	637	1.0	1/4	1/4	4/4	3	1	i6		d	i		i6	i		6					m	1	1	-3, 1, 0		0	-3
160	160	638	638	1.0	1/2	1/2	4/4	3	1	V		d	i		V	V							M	1	1	1, 5, 2		1	1
160	160	639	639	1.0	3/4	3/4	4/4	3	1	V6		d	i		V6	V		6					M	1	1	5, 2, 1		1	5
161	161	640	640	1.0	0	0	4/4	3	1	i		d	i		i	i							m	1	1	0, -3, 1		0	0
161	161	641	641	3.0	1/4	1/4	4/4	3	1	v		d	i		v	v							m	1	1	1, -2, 2		1	1
162	162	644	644	1.0	0	0	4/4	3	1	V6/v		d	i		V6/v	V		6		v			M	1	1	6, 3, 2		2	6
162	162	645	645	1.0	1/4	1/4	4/4	3	1	ii		d	i		ii	ii							m	1	1	2, -1, 3		2	2
162	162	646	646	1.0	1/2	1/2	4/4	3	1	I6		d	i		I6	I		6					M	1	1	4, 1, 0		0	4
162	162	647	647	1.0	3/4	3/4	4/4	3	1	i		d	i		i	i							m	1	1	0, -3, 1		0	0
163	163	648	648	1.0	0	0	4/4	3	1	VII6		d	i		VII6	VII		6					M	1	1	2, -1, -2		-2	2
163	163	649	649	3.0	1/4	1/4	4/4	3	1	IV		d	i		IV	IV							M	1	1	-1, 3, 0		-1	-1
164	164	652	652	1.0	0	0	4/4	3	1	I6		d	i		I6	I		6					M	1	1	4, 1, 0		0	4
164	164	653	653	1.0	1/4	1/4	4/4	3	1	i6		d	i		i6	i		6					m	1	1	-3, 1, 0		0	-3
164	164	654	654	2.0	1/2	1/2	4/4	3	1	ii		d	i		ii	ii							m	1	1	2, -1, 3		2	2
165	165	656	656	1.0	0	0	4/4	3	1	i		d	i		i	i							m	1	1	0, -3, 1		0	0
165	165	657	657	3.0	1/4	1/4	4/4	3	1	III		d	i		III	III							M	1	1	-3, 1, -2		-3	-3
166	166	660	660	2.0	0	0	4/4	3	1	ii		d	i		ii	ii							m	1	1	2, -1, 3		2	2
166	166	662	662	2.0	1/2	1/2	4/4	3	1	i		d	i		i	i							m	1	1	0, -3, 1		0	0
167	167	664	664	1.0	0	0	4/4	3	1	VII		d	i		VII	VII							M	1	1	-2, 2, -1		-2	-2
167	167	665	665	3.0	1/4	1/4	4/4	3	1	ii		d	i		ii	ii							m	1	1	2, -1, 3		2	2
168	168	668	668	1.0	0	0	4/4	3	1	V6/ii		d	i		V6/ii	V		6		ii			M	1	1	7, 4, 3		3	7
168	168	669	669	1.0	1/4	1/4	4/4	3	1	viio6/VII		d	i		viio6/VII	vii	o	6		VII			o	1	1	0, -3, 3		3	0
168	168	670	670	1.0	1/2	1/2	4/4	3	1	V6(9)		d	i		V6(9)	V		6	9				M	1	1	5, 2, 1	-4	1	5
168	168	671	671	1.0	3/4	3/4	4/4	3	1	v6		d	i		v6	v		6					m	1	1	-2, 2, 1		1	-2
169	169	672	672	1.0	0	0	4/4	3	1	#vi		d	i		#vi	#vi							m	1	1	3, 0, 4		3	3
169	169	673	673	1.0	1/4	1/4	4/4	3	1	#vi6		d	i		#vi6	#vi		6					m	1	1	0, 4, 3		3	0
169	169	674	674	2.0	1/2	1/2	4/4	3	1	I		d	i		I	I							M	1	1	0, 4, 1		0	0
170	170	676	676	1.0	0	0	4/4	3	1	V6		d	i		V6	V		6					M	1	1	5, 2, 1		1	5
170	170	677	677	1.0	1/4	1/4	4/4	3	1	v6		d	i		v6	v		6					m	1	1	-2, 2, 1		1	-2
170	170	678	678	1.0	1/2	1/2	4/4	3	1	IV6(9)		d	i		IV6(9)	IV		6	9				M	1	1	3, 0, -1	1	-1	3
170	170	679	679	1.0	3/4	3/4	4/4	3	1	iv6		d	i		iv6	iv		6					m	1	1	-4, 0, -1		-1	-4
171	171	680	680	4.0	0	0	4/4	3	1	V		d	i		V	V							M	1	1	1, 5, 2		1	1
172	172	684	684	1.0	0	0	4/4	3	1	V6/v		d	i		V6/v	V		6		v			M	1	1	6, 3, 2		2	6
172	172	685	685	1.0	1/4	1/4	4/4	3	1	IV		d	i		IV	IV							M	1	1	-1, 3, 0		-1	-1
172	172	686	686	1.0	1/2	1/2	4/4	3	1	I6		d	i		I6	I		6					M	1	1	4, 1, 0		0	4
172	172	687	687	1.0	3/4	3/4	4/4	3	1	i6		d	i		i6	i		6					m	1	1	-3, 1, 0		0	-3
173	173	688	688	1.0	0	0	4/4	3	1	#viio6		d	i		#viio6	#vii	o	6					o	1	1	2, -1, 5		5	2
173	173	689	689	1.0	1/4	1/4	4/4	3	1	VII6		d	i		VII6	VII		6					M	1	1	2, -1, -2		-2	2
173	173	690	690	1.0	1/2	1/2	4/4	3	1	#vio		d	i		#vio	#vi	o						o	1	1	3, 0, -3		3	3
173	173	691	691	1.0	3/4	3/4	4/4	3	1	VI6		d	i		VI6	VI		6					M	1	1	0, -3, -4		-4	0
174	174	692	692	2.0	0	0	4/4	3	1	i		d	i		i	i							m	1	1	0, -3, 1		0	0
174	174	694	694	1.0	1/2	1/2	4/4	3	1	V6		d	i		V6	V		6					M	1	1	5, 2, 1		1	5
174	174	695	695	1.0	3/4	3/4	4/4	3	1	VII		d	i		VII	VII							M	1	1	-2, 2, -1		-2	-2
175	175	696	696	1.0	0	0	4/4	3	1	IV6		d	i		IV6	IV		6					M	1	1	3, 0, -1		-1	3
175	175	697	697	1.0	1/4	1/4	4/4	3	1	iv6		d	i		iv6	iv		6					m	1	1	-4, 0, -1		-1	-4
175	175	698	698	1.0	1/2	1/2	4/4	3	1	I64		d	i		I64	I		64					M	1	1	1, 0, 4		0	1
175	175	699	699	1.0	3/4	3/4	4/4	3	1	i64		d	i		i64	i		64					m	1	1	1, 0, -3		0	1
176	176	700	700	1.0	0	0	4/4	3	1	V(4)		d	i		V(4)	V			4				M	1	1	1, 0, 2		1	1
176	176	701	701	1.0	1/4	1/4	4/4	3	1	viio/VI		d	i		viio/VI	vii	o			VI			o	1	1	1, -2, -5		1	1
176	176	702	702	1.0	1/2	1/2	4/4	3	1	VI		d	i		VI	VI							M	1	1	-4, 0, -3		-4	-4
176	176	703	703	3.0	3/4	3/4	4/4	3	1	i		d	i		i	i							m	1	1	0, -3, 1		0	0
177	177	706	706	1.0	1/2	1/2	4/4	3	1	V6		d	i		V6	V		6					M	1	1	5, 2, 1		1	5
177	177	707	707	1.0	3/4	3/4	4/4	3	1	v6		d	i		v6	v		6					m	1	1	-2, 2, 1		1	-2
178	178	708	708	1.0	0	0	4/4	3	1	#viio6/v		d	i		#viio6/v	#vii	o	6		v			o	1	1	3, 0, 6		6	3
178	178	709	709	1.0	1/4	1/4	4/4	3	1	iv6		d	i		iv6	iv		6					m	1	1	-4, 0, -1		-1	-4
178	178	710	710	1.0	1/2	1/2	4/4	3	1	I64		d	i		I64	I		64					M	1	1	1, 0, 4		0	1
178	178	711	711	1.0	3/4	3/4	4/4	3	1	i64		d	i		i64	i		64					m	1	1	1, 0, -3		0	1
179	179	712	712	1.0	0	0	4/4	3	1	V		d	i		V	V							M	1	1	1, 5, 2		1	1
179	179	713	713	1.0	1/4	1/4	4/4	3	1	v6		d	i		v6	v		6					m	1	1	-2, 2, 1		1	-2
179	179	714	714	1.0	1/2	1/2	4/4	3	1	V/v		d	i		V/v	V				v			M	1	1	2, 6, 3		2	2
179	179	715	715	1.0	3/4	3/4	4/4	3	1	iv		d	i		iv	iv							m	1	1	-1, -4, 0		-1	-1
180	180	716	716	1.0	0	0	4/4	3	1	I		d	i		I	I							M	1	1	0, 4, 1		0	0
180	180	717	717	1.0	1/4	1/4	4/4	3	1	i6		d	i		i6	i		6					m	1	1	-3, 1, 0		0	-3
180	180	718	718	1.0	1/2	1/2	4/4	3	1	V		d	i		V	V							M	1	1	1, 5, 2		1	1
180	180	719	719	1.0	3/4	3/4	4/4	3	1	v		d	i		v	v							m	1	1	1, -2, 2		1	1
181	181	720	720	1.0	0	0	4/4	3	1	IV6(2)		d	i		IV6(2)	IV		6	2				M	1	1	3, 0, 1		-1	3
181	181	721	721	1.0	1/4	1/4	4/4	3	1	iv6		d	i		iv6	iv		6					m	1	1	-4, 0, -1		-1	-4
181	181	722	722	1.0	1/2	1/2	4/4	3	1	III6		d	i		III6	III		6					M	1	1	1, -2, -3		-3	1
181	181	723	723	1.0	3/4	3/4	4/4	3	1	v		d	i		v	v							m	1	1	1, -2, 2		1	1
182	182	724	724	2.0	0	0	4/4	3	1	V		d	i		V	V							M	1	1	1, 5, 2		1	1
182	182	726	726	1.0	1/2	1/2	4/4	3	1	V6/v		d	i		V6/v	V		6		v			M	1	1	6, 3, 2		2	6
182	182	727	727	1.0	3/4	3/4	4/4	3	1	IV		d	i		IV	IV							M	1	1	-1, 3, 0		-1	-1
183	183	728	728	1.0	0	0	4/4	3	1	I6		d	i		I6	I		6					M	1	1	4, 1, 0		0	4
183	183	729	729	1.0	1/4	1/4	4/4	3	1	III		d	i		III	III							M	1	1	-3, 1, -2		-3	-3
183	183	730	730	0.5	1/2	1/2	4/4	3	1	VII6		d	i		VII6	VII		6					M	1	1	2, -1, -2		-2	2
183	183	1461/2	1461/2	0.5	5/8	5/8	4/4	3	1	v64		d	i		v64	v		64					m	1	1	2, 1, -2		1	2
183	183	731	731	0.5	3/4	3/4	4/4	3	1	ii(4)		d	i		ii(4)	ii			4				m	1	1	2, 1, 3		2	2
183	183	1463/2	1463/2	0.5	7/8	7/8	4/4	3	1	ii		d	i		ii	ii							m	1	1	2, -1, 3		2	2
184	184	732	732	1.0	0	0	4/4	3	1	III6		d	i		III6	III		6					M	1	1	1, -2, -3		-3	1
184	184	733	733	2.0	1/4	1/4	4/4	3	1	v		d	i		v	v							m	1	1	1, -2, 2		1	1
184	184	735	735	0.5	3/4	3/4	4/4	3	1	I64		d	i		I64	I		64					M	1	1	1, 0, 4		0	1
184	184	1471/2	1471/2	0.5	7/8	7/8	4/4	3	1	i64		d	i		i64	i		64					m	1	1	1, 0, -3		0	1
185	185	736	736	3.0	0	0	4/4	3	1	V		d	i		V	V							M	1	1	1, 5, 2		1	1
185	185	739	739	0.5	3/4	3/4	4/4	3	1	I64		d	i		I64	I		64					M	1	1	1, 0, 4		0	1
185	185	1479/2	1479/2	0.5	7/8	7/8	4/4	3	1	i64		d	i		i64	i		64					m	1	1	1, 0, -3		0	1
186	186	740	740	1.0	0	0	4/4	3	1	v		d	i		v	v							m	1	1	1, -2, 2		1	1
186	186	741	741	1.0	1/4	1/4	4/4	3	1	III6		d	i		III6	III		6					M	1	1	1, -2, -3		-3	1
186	186	742	742	1.0	1/2	1/2	4/4	3	1	V/v		d	i		V/v	V				v			M	1	1	2, 6, 3		2	2
186	186	743	743	0.5	3/4	3/4	4/4	3	1	I64		d	i		I64	I		64					M	1	1	1, 0, 4		0	1
186	186	1487/2	1487/2	0.5	7/8	7/8	4/4	3	1	i64		d	i		i64	i		64					m	1	1	1, 0, -3		0	1
187	187	744	744	1.0	0	0	4/4	3	1	V		d	i		V	V							M	1	1	1, 5, 2		1	1
187	187	745	745	2.0	1/4	1/4	4/4	3	1	V(4)		d	i		V(4)	V			4				M	1	1	1, 0, 2		1	1
187	187	747	747	1.0	3/4	3/4	4/4	3	1	V		d	i		V	V							M	1	1	1, 5, 2		1	1
188	188	748	748	2.0	0	0	4/4	3	1	I[I6		d	i	I	I6	I		6					M	1	1	4, 1, 0		0	4
188	188	750	750	0.5	1/2	1/2	4/4	3	1	V		d	i	I	V	V							M	1	1	1, 5, 2		1	1
188	188	1501/2	1501/2	0.5	5/8	5/8	4/4	3	1	v		d	i	I	v	v							m	1	1	1, -2, 2		1	1
188	188	751	751	0.5	3/4	3/4	4/4	3	1	IV		d	i	I	IV	IV							M	1	1	-1, 3, 0		-1	-1
188	188	1503/2	1503/2	0.5	7/8	7/8	4/4	3	1	iv		d	i	I	iv	iv							m	1	1	-1, -4, 0		-1	-1
189	189	752	752	2.0	0	0	4/4	3	1	I6		d	i	I	I6	I		6					M	1	1	4, 1, 0		0	4
189	189	754	754	0.5	1/2	1/2	4/4	3	1	V6		d	i	I	V6	V		6					M	1	1	5, 2, 1		1	5
189	189	1509/2	1509/2	0.5	5/8	5/8	4/4	3	1	v6		d	i	I	v6	v		6					m	1	1	-2, 2, 1		1	-2
189	189	755	755	0.5	3/4	3/4	4/4	3	1	IV6		d	i	I	IV6	IV		6					M	1	1	3, 0, -1		-1	3
189	189	1511/2	1511/2	0.5	7/8	7/8	4/4	3	1	iv6		d	i	I	iv6	iv		6					m	1	1	-4, 0, -1		-1	-4
190	190	756	756	1.0	0	0	4/4	3	1	I64		d	i	I	I64	I		64					M	1	1	1, 0, 4		0	1
190	190	757	757	2.0	1/4	1/4	4/4	3	1	I6		d	i	I	I6	I		6					M	1	1	4, 1, 0		0	4
190	190	759	759	0.5	3/4	3/4	4/4	3	1	IV		d	i	I	IV	IV							M	1	1	-1, 3, 0		-1	-1
190	190	1519/2	1519/2	0.5	7/8	7/8	4/4	3	1	iv		d	i	I	iv	iv							m	1	1	-1, -4, 0		-1	-1
191	191	760	760	1.0	0	0	4/4	3	1	i]		d	i	I	i	i							m	1	1	0, -3, 1		0	0
191	191	761	761	2.0	1/4	1/4	4/4	3	1	iv		d	i		iv	iv							m	1	1	-1, -4, 0		-1	-1
191	191	763	763	1.0	3/4	3/4	4/4	3	1	iv6		d	i		iv6	iv		6					m	1	1	-4, 0, -1		-1	-4
192	192	764	764	2.0	0	0	4/4	3	1	i		d	i		i	i							m	1	1	0, -3, 1		0	0
192	192	766	766	2.0	1/2	1/2	4/4	3	1	iv		d	i		iv	iv							m	1	1	-1, -4, 0		-1	-1
193	193	768	768	0.5	0	0	4/4	3	1	I(4)}		d	i		I(4)	I			4			}	M	1	1	0, -1, 1		0	0
193	193	1537/2	1537/2	15.5	1/8	1/8	4/4	3	1	I		d	i		I	I							M	1	1	0, 4, 1		0	0
