mc	mn	mc_onset	mn_onset	timesig	staff	voice	label	offset_x	offset_y	offset	alt_label	globalkey	localkey	pedal	chord	numeral	form	figbass	changes	relativeroot	cadence	phraseend	chord_type	globalkey_is_minor	localkey_is_minor	chord_tones	added_tones	root	bass_note	n_colored	n_untouched	count_ratio	dur_colored	dur_untouched	dur_ratio
1	1	0	0	4/4	3	1	d.i					d	i		i	i							m	1	1	2, -1, 3		2	2	0	3	0.0	0.0	2.0	0.0
3	3	0	0	4/4	3	1	V6					d	i		V6	V		6					M	1	1	7, 4, 3		3	7	0	1	0.0	0.0	0.5	0.0
3	3	1/2	1/2	4/4	3	1	v6					d	i		v6	v		6					m	1	1	0, 4, 3		3	0	0	1	0.0	0.0	0.5	0.0
4	4	0	0	4/4	3	1	IV6					d	i		IV6	IV		6					M	1	1	5, 2, 1		1	5	0	1	0.0	0.0	0.5	0.0
4	4	1/2	1/2	4/4	3	1	iv6					d	i		iv6	iv		6					m	1	1	-2, 2, 1		1	-2	0	1	0.0	0.0	0.5	0.0
5	5	0	0	4/4	3	1	V				v	d	i		V	V							M	1	1	3, 7, 4		3	3	0	2	0.0	0.0	1.5	0.0
5	5	3/4	3/4	4/4	3	1	i					d	i		i	i							m	1	1	2, -1, 3		2	2	0	1	0.0	0.0	0.25	0.0
6	6	0	0	4/4	3	1	v					d	i		v	v							m	1	1	3, 0, 4		3	3	1	2	0.3333333333333333	0.25	0.75	0.25
6	6	1/2	1/2	4/4	3	1	v6					d	i		v6	v		6					m	1	1	0, 4, 3		3	0	1	2	0.3333333333333333	0.25	0.75	0.25
7	7	0	0	4/4	3	1	V/v					d	i		V/v	V				v			M	1	1	4, 8, 5		4	4	0	2	0.0	0.0	0.75	0.0
7	7	1/4	1/4	4/4	3	1	V64/v					d	i		V64/v	V		64		v			M	1	1	5, 4, 8		4	5	0	1	0.0	0.0	0.5	0.0
7	7	1/2	1/2	4/4	3	1	ii64					d	i		ii64	ii		64					m	1	1	5, 4, 1		4	5	0	1	0.0	0.0	0.5	0.0
7	7	3/4	3/4	4/4	3	1	#viio					d	i		#viio	#vii	o						o	1	1	7, 4, 1		7	7	0	1	0.0	0.0	0.25	0.0
8	8	0	0	4/4	3	1	I					d	i		I	I							M	1	1	2, 6, 3		2	2	0	2	0.0	0.0	0.75	0.0
8	8	1/4	1/4	4/4	3	1	I64					d	i		I64	I		64					M	1	1	3, 2, 6		2	3	0	1	0.0	0.0	0.5	0.0
8	8	1/2	1/2	4/4	3	1	i64					d	i		i64	i		64					m	1	1	3, 2, -1		2	3	0	1	0.0	0.0	0.5	0.0
8	8	3/4	3/4	4/4	3	1	viio/VII	0	-4.5	/		d	i		viio/VII	vii	o			VII			o	1	1	5, 2, -1		5	5	0	1	0.0	0.0	0.25	0.0
9	9	0	0	4/4	3	1	VII					d	i		VII	VII							M	1	1	0, 4, 1		0	0	3	2	0.6	0.1875	0.5625	0.25
9	9	1/4	1/4	4/4	3	1	v					d	i		v	v							m	1	1	3, 0, 4		3	3	2	2	0.5	0.125	0.125	0.5
9	9	1/2	1/2	4/4	3	1	i					d	i		i	i							m	1	1	2, -1, 3		2	2	8	13	0.38095238095238093	1.125	3.125	0.2647058823529412
11	11	0	0	4/4	3	1	V6					d	i		V6	V		6					M	1	1	7, 4, 3		3	7	1	4	0.2	0.125	1.625	0.07142857142857142
11	11	1/2	1/2	4/4	3	1	VII					d	i		VII	VII							M	1	1	0, 4, 1		0	0	0	2	0.0	0.0	0.75	0.0
11	11	3/4	3/4	4/4	3	1	viio64/IV					d	i		viio64/IV	vii	o	64		IV			o	1	1	0, 6, 3		6	0	0	2	0.0	0.0	0.5	0.0
12	12	0	0	4/4	3	1	IV6					d	i		IV6	IV		6					M	1	1	5, 2, 1		1	5	1	4	0.2	0.125	1.625	0.07142857142857142
12	12	1/2	1/2	4/4	3	1	VI					d	i		VI	VI							M	1	1	-2, 2, -1		-2	-2	0	2	0.0	0.0	0.75	0.0
12	12	3/4	3/4	4/4	3	1	viio64/III	0	-5.5	/		d	i		viio64/III	vii	o	64		III			o	1	1	-2, 4, 1		4	-2	0	2	0.0	0.0	0.5	0.0
13	13	0	0	4/4	3	1	III6					d	i		III6	III		6					M	1	1	3, 0, -1		-1	3	3	4	0.42857142857142855	0.5625	0.9375	0.375
13	13	1/2	1/2	4/4	3	1	i6(2)					d	i		i6(2)	i		6	2				m	1	1	-1, 3, 4		2	-1	2	3	0.4	0.125	1.125	0.1
13	13	3/4	3/4	4/4	3	1	i					d	i		i	i							m	1	1	2, -1, 3		2	2	1	4	0.2	0.0625	0.4375	0.125
14	14	0	0	4/4	3	1	v					d	i		v	v							m	1	1	3, 0, 4		3	3	1	4	0.2	0.25	2.25	0.1
14	14	1/2	1/2	4/4	3	1	v6					d	i		v6	v		6					m	1	1	0, 4, 3		3	0	1	2	0.3333333333333333	0.25	0.75	0.25
15	15	0	0	4/4	3	1	V/v					d	i		V/v	V				v			M	1	1	4, 8, 5		4	4	0	3	0.0	0.0	1.125	0.0
15	15	1/4	1/4	4/4	3	1	V64/v					d	i		V64/v	V		64		v			M	1	1	5, 4, 8		4	5	1	1	0.5	0.125	0.5	0.2
15	15	1/2	1/2	4/4	3	1	IV6					d	i		IV6	IV		6					M	1	1	5, 2, 1		1	5	0	2	0.0	0.0	0.75	0.0
15	15	3/4	3/4	4/4	3	1	#viio					d	i		#viio	#vii	o						o	1	1	7, 4, 1		7	7	0	2	0.0	0.0	0.5	0.0
16	16	0	0	4/4	3	1	I					d	i		I	I							M	1	1	2, 6, 3		2	2	0	3	0.0	0.0	1.125	0.0
16	16	1/4	1/4	4/4	3	1	I64					d	i		I64	I		64					M	1	1	3, 2, 6		2	3	1	1	0.5	0.125	0.5	0.2
16	16	1/2	1/2	4/4	3	1	III6					d	i		III6	III		6					M	1	1	3, 0, -1		-1	3	0	2	0.0	0.0	0.75	0.0
16	16	3/4	3/4	4/4	3	1	viio/VII					d	i		viio/VII	vii	o			VII			o	1	1	5, 2, -1		5	5	0	2	0.0	0.0	0.5	0.0
17	17	0	0	4/4	3	1	V6					d	i		V6	V		6					M	1	1	7, 4, 3		3	7	0	4	0.0	0.0	1.25	0.0
17	17	1/4	1/4	4/4	3	1	#viio					d	i		#viio	#vii	o						o	1	1	7, 4, 1		7	7	0	2	0.0	0.0	0.25	0.0
17	17	1/2	1/2	4/4	3	1	i					d	i		i	i							m	1	1	2, -1, 3		2	2	0	4	0.0	0.0	1.75	0.0
18	18	0	0	4/4	3	1	VI					d	i		VI	VI							M	1	1	-2, 2, -1		-2	-2	4	9	0.3076923076923077	0.5	3.25	0.13333333333333333
18	18	3/4	3/4	4/4	3	1	iv6					d	i		iv6	iv		6					m	1	1	-2, 2, 1		1	-2	0	1	0.0	0.0	0.25	0.0
19	19	0	0	4/4	3	1	V					d	i		V	V							M	1	1	3, 7, 4		3	3	0	4	0.0	0.0	2.25	0.0
19	19	1/2	1/2	4/4	3	1	v					d	i		v	v							m	1	1	3, 0, 4		3	3	0	1	0.0	0.0	0.5	0.0
19	19	3/4	3/4	4/4	3	1	viio6/IV	0	-5.5	/		d	i		viio6/IV	vii	o	6		IV			o	1	1	3, 0, 6		6	3	0	2	0.0	0.0	0.5	0.0
20	20	0	0	4/4	3	1	IV					d	i		IV	IV							M	1	1	1, 5, 2		1	1	0	3	0.0	0.0	1.125	0.0
20	20	1/4	1/4	4/4	3	1	IV64					d	i		IV64	IV		64					M	1	1	2, 1, 5		1	2	1	1	0.5	0.125	0.5	0.2
20	20	1/2	1/2	4/4	3	1	VI6					d	i		VI6	VI		6					M	1	1	2, -1, -2		-2	2	0	2	0.0	0.0	0.75	0.0
20	20	3/4	3/4	4/4	3	1	viio/III	0	-5.5	/		d	i		viio/III	vii	o			III			o	1	1	4, 1, -2		4	4	0	2	0.0	0.0	0.5	0.0
21	21	0	0	4/4	3	1	III					d	i		III	III							M	1	1	-1, 3, 0		-1	-1	4	7	0.36363636363636365	0.25	1.25	0.16666666666666666
21	21	1/2	1/2	4/4	3	1	v					d	i		v	v							m	1	1	3, 0, 4		3	3	5	11	0.3125	1.0	3.75	0.21052631578947367
23	23	0	0	4/4	3	1	V6/v					d	i		V6/v	V		6		v			M	1	1	8, 5, 4		4	8	1	4	0.2	0.125	1.625	0.07142857142857142
23	23	1/2	1/2	4/4	3	1	IV					d	i		IV	IV							M	1	1	1, 5, 2		1	1	0	2	0.0	0.0	0.75	0.0
23	23	3/4	3/4	4/4	3	1	#viio64	0	-5.5	/		d	i		#viio64	#vii	o	64					o	1	1	1, 7, 4		7	1	0	2	0.0	0.0	0.5	0.0
24	24	0	0	4/4	3	1	I6					d	i		I6	I		6					M	1	1	6, 3, 2		2	6	1	4	0.2	0.125	1.625	0.07142857142857142
24	24	1/2	1/2	4/4	3	1	III					d	i		III	III							M	1	1	-1, 3, 0		-1	-1	0	2	0.0	0.0	0.75	0.0
24	24	3/4	3/4	4/4	3	1	viio64/VII	0	-5.5	/		d	i		viio64/VII	vii	o	64		VII			o	1	1	-1, 5, 2		5	-1	0	2	0.0	0.0	0.5	0.0
25	25	0	0	4/4	3	1	VII6					d	i		VII6	VII		6					M	1	1	4, 1, 0		0	4	4	5	0.4444444444444444	0.5	1.0	0.3333333333333333
25	25	1/2	1/2	4/4	3	1	v					d	i		v	v							m	1	1	3, 0, 4		3	3	5	5	0.5	0.5	1.0	0.3333333333333333
26	26	0	0	4/4	3	1	i					d	i		i	i							m	1	1	2, -1, 3		2	2	2	4	0.3333333333333333	0.5	2.0	0.2
26	26	1/2	1/2	4/4	3	1	i6					d	i		i6	i		6					m	1	1	-1, 3, 2		2	-1	2	5	0.2857142857142857	0.375	1.125	0.25
27	27	0	0	4/4	3	1	V					d	i		V	V							M	1	1	3, 7, 4		3	3	0	3	0.0	0.0	1.125	0.0
27	27	1/4	1/4	4/4	3	1	V64					d	i		V64	V		64					M	1	1	4, 3, 7		3	4	1	1	0.5	0.125	0.5	0.2
27	27	1/2	1/2	4/4	3	1	VII6					d	i		VII6	VII		6					M	1	1	4, 1, 0		0	4	0	2	0.0	0.0	0.75	0.0
27	27	3/4	3/4	4/4	3	1	viio/IV	0	-5.5	/		d	i		viio/IV	vii	o			IV			o	1	1	6, 3, 0		6	6	0	2	0.0	0.0	0.5	0.0
28	28	0	0	4/4	3	1	IV					d	i		IV	IV							M	1	1	1, 5, 2		1	1	0	3	0.0	0.0	1.125	0.0
28	28	1/4	1/4	4/4	3	1	IV64					d	i		IV64	IV		64					M	1	1	2, 1, 5		1	2	1	1	0.5	0.125	0.5	0.2
28	28	1/2	1/2	4/4	3	1	VI6					d	i		VI6	VI		6					M	1	1	2, -1, -2		-2	2	0	2	0.0	0.0	0.75	0.0
28	28	3/4	3/4	4/4	3	1	viio/III	0	-5.5	/		d	i		viio/III	vii	o			III			o	1	1	4, 1, -2		4	4	0	2	0.0	0.0	0.5	0.0
29	29	0	0	4/4	3	1	III					d	i		III	III							M	1	1	-1, 3, 0		-1	-1	3	5	0.375	0.1875	2.0625	0.08333333333333333
29	29	1/2	1/2	4/4	3	1	i					d	i		i	i							m	1	1	2, -1, 3		2	2	1	3	0.25	0.125	1.125	0.1
30	30	0	0	4/4	3	1	i6					d	i		i6	i		6					m	1	1	-1, 3, 2		2	-1	2	3	0.4	0.5	1.0	0.3333333333333333
30	30	1/2	1/2	4/4	3	1	V					d	i		V	V							M	1	1	3, 7, 4		3	3	1	3	0.25	0.25	1.25	0.16666666666666666
31	31	0	0	4/4	3	1	V/v					d	i		V/v	V				v			M	1	1	4, 8, 5		4	4	1	4	0.2	0.125	1.625	0.07142857142857142
31	31	1/2	1/2	4/4	3	1	IV					d	i		IV	IV							M	1	1	1, 5, 2		1	1	0	2	0.0	0.0	0.75	0.0
31	31	3/4	3/4	4/4	3	1	#viio6					d	i		#viio6	#vii	o	6					o	1	1	4, 1, 7		7	4	0	2	0.0	0.0	0.5	0.0
32	32	0	0	4/4	3	1	I					d	i		I	I							M	1	1	2, 6, 3		2	2	1	4	0.2	0.125	1.625	0.07142857142857142
32	32	1/2	1/2	4/4	3	1	i6					d	i		i6	i		6					m	1	1	-1, 3, 2		2	-1	0	2	0.0	0.0	0.75	0.0
32	32	3/4	3/4	4/4	3	1	viio6/VII	0	-5.5	/		d	i		viio6/VII	vii	o	6		VII			o	1	1	2, -1, 5		5	2	0	2	0.0	0.0	0.5	0.0
33	33	0	0	4/4	3	1	V					d	i		V	V							M	1	1	3, 7, 4		3	3	2	4	0.3333333333333333	0.25	1.25	0.16666666666666666
33	33	1/2	1/2	4/4	3	1	I6					d	i		I6	I		6					M	1	1	6, 3, 2		2	6	1	3	0.25	0.0625	0.4375	0.125
33	33	3/4	3/4	4/4	3	1	#viio/iv					d	i		#viio/iv	#vii	o			iv			o	1	1	6, 3, 0		6	6	2	4	0.3333333333333333	0.125	0.625	0.16666666666666666
34	34	0	0	4/4	3	1	iv					d	i		iv	iv							m	1	1	1, -2, 2		1	1	1	3	0.25	0.25	1.25	0.16666666666666666
34	34	1/2	1/2	4/4	3	1	i					d	i		i	i							m	1	1	2, -1, 3		2	2	6	11	0.35294117647058826	1.5	4.5	0.25
36	36	0	0	4/4	3	1	V6					d	i		V6	V		6					M	1	1	7, 4, 3		3	7	2	5	0.2857142857142857	0.25	2.0	0.1111111111111111
36	36	1/2	1/2	4/4	3	1	VII					d	i		VII	VII							M	1	1	0, 4, 1		0	0	0	3	0.0	0.0	1.25	0.0
36	36	3/4	3/4	4/4	3	1	vii%43/IV	0	-5.5	/		d	i		vii%43/IV	vii	%	43		IV			%7	1	1	0, 4, 6, 3		6	0	0	2	0.0	0.0	0.5	0.0
37	37	0	0	4/4	3	1	IV6					d	i		IV6	IV		6					M	1	1	5, 2, 1		1	5	1	5	0.16666666666666666	0.125	2.625	0.045454545454545456
37	37	1/2	1/2	4/4	3	1	VI					d	i		VI	VI							M	1	1	-2, 2, -1		-2	-2	0	2	0.0	0.0	0.75	0.0
37	37	3/4	3/4	4/4	3	1	vii%43/III	0	-5.5	/		d	i		vii%43/III	vii	%	43		III			%7	1	1	-2, 2, 4, 1		4	-2	0	2	0.0	0.0	0.5	0.0
38	38	0	0	4/4	3	1	III6					d	i		III6	III		6					M	1	1	3, 0, -1		-1	3	2	4	0.3333333333333333	0.375	1.625	0.1875
38	38	1/2	1/2	4/4	3	1	III					d	i		III	III							M	1	1	-1, 3, 0		-1	-1	1	3	0.25	0.125	0.875	0.125
38	38	3/4	3/4	4/4	3	1	i					d	i		i	i							m	1	1	2, -1, 3		2	2	2	3	0.4	0.25	0.5	0.3333333333333333
39	39	0	0	4/4	3	1	v					d	i		v	v							m	1	1	3, 0, 4		3	3	1	4	0.2	0.25	1.75	0.125
39	39	1/2	1/2	4/4	3	1	v6					d	i		v6	v		6					m	1	1	0, 4, 3		3	0	1	4	0.2	0.25	1.75	0.125
40	40	0	0	4/4	3	1	V/v					d	i		V/v	V				v			M	1	1	4, 8, 5		4	4	0	4	0.0	0.0	1.5	0.0
40	40	1/4	1/4	4/4	3	1	#viio6/v					d	i		#viio6/v	#vii	o	6		v			o	1	1	5, 2, 8		8	5	1	2	0.3333333333333333	0.125	0.625	0.16666666666666666
40	40	1/2	1/2	4/4	3	1	IV6					d	i		IV6	IV		6					M	1	1	5, 2, 1		1	5	0	3	0.0	0.0	1.0	0.0
40	40	3/4	3/4	4/4	3	1	#viio					d	i		#viio	#vii	o						o	1	1	7, 4, 1		7	7	0	3	0.0	0.0	0.75	0.0
41	41	0	0	4/4	3	1	I					d	i		I	I							M	1	1	2, 6, 3		2	2	0	4	0.0	0.0	1.5	0.0
41	41	1/4	1/4	4/4	3	1	#viio6/iv					d	i		#viio6/iv	#vii	o	6		iv			o	1	1	3, 0, 6		6	3	1	2	0.3333333333333333	0.125	0.625	0.16666666666666666
41	41	1/2	1/2	4/4	3	1	III6					d	i		III6	III		6					M	1	1	3, 0, -1		-1	3	0	3	0.0	0.0	1.0	0.0
41	41	3/4	3/4	4/4	3	1	viio/VII					d	i		viio/VII	vii	o			VII			o	1	1	5, 2, -1		5	5	0	3	0.0	0.0	0.75	0.0
42	42	0	0	4/4	3	1	VII					d	i		VII	VII							M	1	1	0, 4, 1		0	0	3	5	0.375	0.1875	1.8125	0.09375
42	42	1/2	1/2	4/4	3	1	v					d	i		v	v							m	1	1	3, 0, 4		3	3	0	4	0.0	0.0	1.75	0.0
43	43	0	0	4/4	3	1	v6					d	i		v6	v		6					m	1	1	0, 4, 3		3	0	2	6	0.25	0.5	2.5	0.16666666666666666
44	44	0	0	4/4	3	1	V/ii					d	i		V/ii	V				ii			M	1	1	5, 9, 6		5	5	0	4	0.0	0.0	2.25	0.0
44	44	1/2	1/2	4/4	3	1	ii/V					d	i		ii/V	ii				V			m	1	1	5, 2, 6		5	5	0	1	0.0	0.0	0.5	0.0
44	44	3/4	3/4	4/4	3	1	viio6/V	0	-5.5	/		d	i		viio6/V	vii	o	6		V			o	1	1	5, 2, 8		8	5	0	1	0.0	0.0	0.25	0.0
45	45	0	0	4/4	3	1	V					d	i		V	V							M	1	1	3, 7, 4		3	3	0	4	0.0	0.0	2.25	0.0
45	45	1/2	1/2	4/4	3	1	v					d	i		v	v							m	1	1	3, 0, 4		3	3	0	1	0.0	0.0	0.5	0.0
45	45	3/4	3/4	4/4	3	1	#viio6/iv	0	-5.5	/		d	i		#viio6/iv	#vii	o	6		iv			o	1	1	3, 0, 6		6	3	0	1	0.0	0.0	0.25	0.0
46	46	0	0	4/4	3	1	V/v					d	i		V/v	V				v			M	1	1	4, 8, 5		4	4	1	5	0.16666666666666666	0.0625	1.6875	0.03571428571428571
46	46	1/4	1/4	4/4	3	1	V(4)/v					d	i		V(4)/v	V			4	v			M	1	1	4, 3, 5		4	4	5	3	0.625	0.3125	0.1875	0.625
46	46	3/4	3/4	4/4	3	1	V/v					d	i		V/v	V				v			M	1	1	4, 8, 5		4	4	2	3	0.4	0.125	0.375	0.25
47	47	0	0	4/4	3	1	v					d	i		v	v							m	1	1	3, 0, 4		3	3	3	6	0.3333333333333333	0.5	2.0	0.2
48	48	0	0	4/4	3	1	ii					d	i		ii	ii							m	1	1	4, 1, 5		4	4	1	3	0.25	0.25	1.25	0.16666666666666666
48	48	1/2	1/2	4/4	3	1	ii6					d	i		ii6	ii		6					m	1	1	1, 5, 4		4	1	1	3	0.25	0.25	1.25	0.16666666666666666
49	49	0	0	4/4	3	1	V/ii					d	i		V/ii	V				ii			M	1	1	5, 9, 6		5	5	0	3	0.0	0.0	1.125	0.0
49	49	1/4	1/4	4/4	3	1	V64/ii					d	i		V64/ii	V		64		ii			M	1	1	6, 5, 9		5	6	1	1	0.5	0.125	0.5	0.2
49	49	1/2	1/2	4/4	3	1	I6					d	i		I6	I		6					M	1	1	6, 3, 2		2	6	0	2	0.0	0.0	0.75	0.0
49	49	3/4	3/4	4/4	3	1	viio/V					d	i		viio/V	vii	o			V			o	1	1	8, 5, 2		8	8	0	2	0.0	0.0	0.5	0.0
50	50	0	0	4/4	3	1	V					d	i		V	V							M	1	1	3, 7, 4		3	3	0	3	0.0	0.0	1.125	0.0
50	50	1/4	1/4	4/4	3	1	V64					d	i		V64	V		64					M	1	1	4, 3, 7		3	4	1	1	0.5	0.125	0.5	0.2
50	50	1/2	1/2	4/4	3	1	VII6					d	i		VII6	VII		6					M	1	1	4, 1, 0		0	4	0	2	0.0	0.0	0.75	0.0
50	50	3/4	3/4	4/4	3	1	viio/IV	0	-5.5	/		d	i		viio/IV	vii	o			IV			o	1	1	6, 3, 0		6	6	0	2	0.0	0.0	0.5	0.0
51	51	0	0	4/4	3	1	IV					d	i		IV	IV							M	1	1	1, 5, 2		1	1	2	5	0.2857142857142857	0.125	1.375	0.08333333333333333
51	51	1/2	1/2	4/4	3	1	ii					d	i		ii	ii							m	1	1	4, 1, 5		4	4	4	13	0.23529411764705882	0.875	4.625	0.1590909090909091
53	53	0	0	4/4	3	1	V6/ii					d	i		V6/ii	V		6		ii			M	1	1	9, 6, 5		5	9	1	4	0.2	0.125	1.625	0.07142857142857142
53	53	1/2	1/2	4/4	3	1	I					d	i		I	I							M	1	1	2, 6, 3		2	2	0	3	0.0	0.0	1.25	0.0
53	53	3/4	3/4	4/4	3	1	viio64/V	0	-5.5	/		d	i		viio64/V	vii	o	64		V			o	1	1	2, 8, 5		8	2	0	2	0.0	0.0	0.5	0.0
54	54	0	0	4/4	3	1	V6					d	i		V6	V		6					M	1	1	7, 4, 3		3	7	1	5	0.16666666666666666	0.125	2.375	0.05
54	54	1/2	1/2	4/4	3	1	VII					d	i		VII	VII							M	1	1	0, 4, 1		0	0	0	2	0.0	0.0	0.75	0.0
54	54	3/4	3/4	4/4	3	1	viio64/IV	0	-5.5	/		d	i		viio64/IV	vii	o	64		IV			o	1	1	0, 6, 3		6	0	0	3	0.0	0.0	0.75	0.0
55	55	0	0	4/4	3	1	IV6					d	i		IV6	IV		6					M	1	1	5, 2, 1		1	5	2	4	0.3333333333333333	0.25	2.5	0.09090909090909091
55	55	1/2	1/2	4/4	3	1	i					d	i		i	i							m	1	1	2, -1, 3		2	2	11	15	0.4230769230769231	0.875	3.375	0.20588235294117646
57	57	0	0	4/4	3	1	V6					d	i		V6	V		6					M	1	1	7, 4, 3		3	7	0	3	0.0	0.0	2.0	0.0
57	57	1/2	1/2	4/4	3	1	v6					d	i		v6	v		6					m	1	1	0, 4, 3		3	0	0	2	0.0	0.0	1.0	0.0
58	58	0	0	4/4	3	1	#viio6/v					d	i		#viio6/v	#vii	o	6		v			o	1	1	5, 2, 8		8	5	0	2	0.0	0.0	1.0	0.0
58	58	1/2	1/2	4/4	3	1	iv6					d	i		iv6	iv		6					m	1	1	-2, 2, 1		1	-2	0	3	0.0	0.0	1.5	0.0
59	59	0	0	4/4	3	1	I64					d	i		I64	I		64					M	1	1	3, 2, 6		2	3	0	3	0.0	0.0	2.0	0.0
59	59	1/2	1/2	4/4	3	1	i64					d	i		i64	i		64					m	1	1	3, 2, -1		2	3	0	3	0.0	0.0	1.5	0.0
60	60	0	0	4/4	3	1	V					d	i		V	V							M	1	1	3, 7, 4		3	3	0	4	0.0	0.0	2.75	0.0
60	60	1/2	1/2	4/4	3	1	v					d	i		v	v							m	1	1	3, 0, 4		3	3	1	2	0.3333333333333333	0.25	1.0	0.2
61	61	0	0	4/4	3	1	V/v					d	i		V/v	V				v			M	1	1	4, 8, 5		4	4	1	3	0.25	0.125	1.375	0.08333333333333333
61	61	1/2	1/2	4/4	3	1	iv					d	i		iv	iv							m	1	1	1, -2, 2		1	1	0	4	0.0	0.0	1.5	0.0
62	62	0	0	4/4	3	1	I					d	i		I	I							M	1	1	2, 6, 3		2	2	1	3	0.25	0.25	1.5	0.14285714285714285
62	62	1/2	1/2	4/4	3	1	i					d	i		i	i							m	1	1	2, -1, 3		2	2	0	3	0.0	0.0	1.25	0.0
62	62	3/4	3/4	4/4	3	1	V43/VII	0	-4.5	/		d	i		V43/VII	V		43		VII			Mm7	1	1	2, -1, 1, 5		1	2	0	2	0.0	0.0	0.5	0.0
63	63	0	0	4/4	3	1	v					d	i		v	v							m	1	1	3, 0, 4		3	3	1	4	0.2	0.25	2.5	0.09090909090909091
63	63	1/2	1/2	4/4	3	1	v6					d	i		v6	v		6					m	1	1	0, 4, 3		3	0	0	2	0.0	0.0	0.5	0.0
63	63	3/4	3/4	4/4	3	1	V7/iv					d	i		V7/iv	V		7		iv			Mm7	1	1	2, 6, 3, 0		2	2	0	3	0.0	0.0	0.75	0.0
64	64	0	0	4/4	3	1	V/v					d	i		V/v	V				v			M	1	1	4, 8, 5		4	4	2	5	0.2857142857142857	0.25	2.25	0.1
64	64	1/2	1/2	4/4	3	1	IV6					d	i		IV6	IV		6					M	1	1	5, 2, 1		1	5	2	4	0.3333333333333333	0.25	1.25	0.16666666666666666
65	65	0	0	4/4	3	1	I					d	i		I	I							M	1	1	2, 6, 3		2	2	2	5	0.2857142857142857	0.25	2.25	0.1
65	65	1/2	1/2	4/4	3	1	III6					d	i		III6	III		6					M	1	1	3, 0, -1		-1	3	2	4	0.3333333333333333	0.25	1.25	0.16666666666666666
66	66	0	0	4/4	3	1	VII					d	i		VII	VII							M	1	1	0, 4, 1		0	0	2	6	0.25	0.25	1.75	0.125
66	66	1/2	1/2	4/4	3	1	iv					d	i		iv	iv							m	1	1	1, -2, 2		1	1	2	5	0.2857142857142857	0.25	1.5	0.14285714285714285
67	67	0	0	4/4	3	1	VI					d	i		VI	VI							M	1	1	-2, 2, -1		-2	-2	3	5	0.375	0.375	1.375	0.21428571428571427
67	67	1/2	1/2	4/4	3	1	III					d	i		III	III							M	1	1	-1, 3, 0		-1	-1	2	6	0.25	0.25	1.75	0.125
68	68	0	0	4/4	3	1	v					d	i		v	v							m	1	1	3, 0, 4		3	3	2	4	0.3333333333333333	0.5	2.0	0.2
68	68	1/2	1/2	4/4	3	1	V(64)					d	i		V(64)	V			64				M	1	1	3, 2, -1		3	3	4	6	0.4	0.25	1.25	0.16666666666666666
69	69	0	0	4/4	3	1	V(4)					d	i		V(4)	V			4				M	1	1	3, 2, 4		3	3	0	5	0.0	0.0	2.375	0.0
69	69	1/8	1/8	4/4	3	1	V					d	i		V	V							M	1	1	3, 7, 4		3	3	1	1	0.5	0.0625	0.0625	0.5
69	69	1/4	1/4	4/4	3	1	V(64)					d	i		V(64)	V			64				M	1	1	3, 2, -1		3	3	2	3	0.4	0.125	0.375	0.25
69	69	1/2	1/2	4/4	3	1	V(4)					d	i		V(4)	V			4				M	1	1	3, 2, 4		3	3	2	3	0.4	0.125	0.625	0.16666666666666666
69	69	3/4	3/4	4/4	3	1	V					d	i		V	V							M	1	1	3, 7, 4		3	3	2	2	0.5	0.125	0.125	0.5
70	70	0	0	4/4	3	1	i					d	i		i	i							m	1	1	2, -1, 3		2	2	3	12	0.2	0.5	7.25	0.06451612903225806
72	72	0	0	4/4	3	1	V64/v					d	i		V64/v	V		64		v			M	1	1	5, 4, 8		4	5	0	2	0.0	0.0	0.75	0.0
72	72	1/4	1/4	4/4	3	1	V/v					d	i		V/v	V				v			M	1	1	4, 8, 5		4	4	0	1	0.0	0.0	0.25	0.0
72	72	1/2	1/2	4/4	3	1	ii					d	i		ii	ii							m	1	1	4, 1, 5		4	4	1	2	0.3333333333333333	0.125	0.625	0.16666666666666666
72	72	3/4	3/4	4/4	3	1	ii64					d	i		ii64	ii		64					m	1	1	5, 4, 1		4	5	1	1	0.5	0.125	0.125	0.5
73	73	0	0	4/4	3	1	I64					d	i		I64	I		64					M	1	1	3, 2, 6		2	3	0	2	0.0	0.0	0.75	0.0
73	73	1/4	1/4	4/4	3	1	I					d	i		I	I							M	1	1	2, 6, 3		2	2	0	1	0.0	0.0	0.25	0.0
73	73	1/2	1/2	4/4	3	1	i					d	i		i	i							m	1	1	2, -1, 3		2	2	1	2	0.3333333333333333	0.125	0.625	0.16666666666666666
73	73	3/4	3/4	4/4	3	1	i64					d	i		i64	i		64					m	1	1	3, 2, -1		2	3	1	1	0.5	0.125	0.125	0.5
74	74	0	0	4/4	3	1	ii6					d	i		ii6	ii		6					m	1	1	1, 5, 4		4	1	0	2	0.0	0.0	1.25	0.0
74	74	1/4	1/4	4/4	3	1	v					d	i		v	v							m	1	1	3, 0, 4		3	3	8	12	0.4	1.125	2.875	0.28125
76	76	0	0	4/4	3	1	V6/v					d	i		V6/v	V		6		v			M	1	1	8, 5, 4		4	8	0	5	0.0	0.0	1.5	0.0
76	76	1/2	1/2	4/4	3	1	ii6					d	i		ii6	ii		6					m	1	1	1, 5, 4		4	1	2	4	0.3333333333333333	0.25	1.25	0.16666666666666666
77	77	0	0	4/4	3	1	I6(2)					d	i		I6(2)	I		6	2				M	1	1	6, 3, 4		2	6	0	3	0.0	0.0	1.0	0.0
77	77	1/4	1/4	4/4	3	1	I6					d	i		I6	I		6					M	1	1	6, 3, 2		2	6	1	2	0.3333333333333333	0.125	0.375	0.25
77	77	1/2	1/2	4/4	3	1	i6					d	i		i6	i		6					m	1	1	-1, 3, 2		2	-1	2	4	0.3333333333333333	0.25	1.25	0.16666666666666666
78	78	0	0	4/4	3	1	ii					d	i		ii	ii							m	1	1	4, 1, 5		4	4	2	5	0.2857142857142857	0.25	1.25	0.16666666666666666
78	78	1/2	1/2	4/4	3	1	i					d	i		i	i							m	1	1	2, -1, 3		2	2	5	12	0.29411764705882354	0.75	5.0	0.13043478260869565
80	80	0	0	4/4	3	1	V6					d	i		V6	V		6					M	1	1	7, 4, 3		3	7	2	6	0.25	0.125	1.625	0.07142857142857142
80	80	1/2	1/2	4/4	3	1	v6					d	i		v6	v		6					m	1	1	0, 4, 3		3	0	3	6	0.3333333333333333	0.375	1.625	0.1875
81	81	0	0	4/4	3	1	IV6(2)					d	i		IV6(2)	IV		6	2				M	1	1	5, 2, 3		1	5	0	4	0.0	0.0	1.75	0.0
81	81	1/4	1/4	4/4	3	1	IV6					d	i		IV6	IV		6					M	1	1	5, 2, 1		1	5	1	2	0.3333333333333333	0.125	0.375	0.25
81	81	1/2	1/2	4/4	3	1	iv6					d	i		iv6	iv		6					m	1	1	-2, 2, 1		1	-2	1	3	0.25	0.125	1.125	0.1
81	81	3/4	3/4	4/4	3	1	vii%43/III	0	-5.5	/		d	i		vii%43/III	vii	%	43		III			%7	1	1	-2, 2, 4, 1		4	-2	0	3	0.0	0.0	0.5	0.0
82	82	0	0	4/4	3	1	III6					d	i		III6	III		6					M	1	1	3, 0, -1		-1	3	0	4	0.0	0.0	1.25	0.0
82	82	1/4	1/4	4/4	3	1	v					d	i		v	v							m	1	1	3, 0, 4		3	3	3	7	0.3	0.375	1.375	0.21428571428571427
82	82	3/4	3/4	4/4	3	1	i6					d	i		i6	i		6					m	1	1	-1, 3, 2		2	-1	2	4	0.3333333333333333	0.25	0.75	0.25
83	83	0	0	4/4	3	1	i					d	i		i	i							m	1	1	2, -1, 3		2	2	2	3	0.4	0.25	0.5	0.3333333333333333
83	83	1/4	1/4	4/4	3	1	IV					d	i		IV	IV							M	1	1	1, 5, 2		1	1	2	6	0.25	0.25	1.25	0.16666666666666666
83	83	3/4	3/4	4/4	3	1	VII6					d	i		VII6	VII		6					M	1	1	4, 1, 0		0	4	2	3	0.4	0.25	0.5	0.3333333333333333
84	84	0	0	4/4	3	1	VII					d	i		VII	VII							M	1	1	0, 4, 1		0	0	2	3	0.4	0.25	0.5	0.3333333333333333
84	84	1/4	1/4	4/4	3	1	III					d	i		III	III							M	1	1	-1, 3, 0		-1	-1	2	6	0.25	0.25	1.25	0.16666666666666666
84	84	3/4	3/4	4/4	3	1	i					d	i		i	i							m	1	1	2, -1, 3		2	2	2	3	0.4	0.25	0.5	0.3333333333333333
85	85	0	0	4/4	3	1	IV6					d	i		IV6	IV		6					M	1	1	5, 2, 1		1	5	1	4	0.2	0.125	0.875	0.125
85	85	1/4	1/4	4/4	3	1	IV					d	i		IV	IV							M	1	1	1, 5, 2		1	1	1	4	0.2	0.125	0.875	0.125
85	85	1/2	1/2	4/4	3	1	VII					d	i		VII	VII							M	1	1	0, 4, 1		0	0	5	7	0.4166666666666667	0.625	1.375	0.3125
86	86	0	0	4/4	3	1	v					d	i		v	v							m	1	1	3, 0, 4		3	3	1	4	0.2	0.125	1.75	0.06666666666666667
86	86	1/4	1/4	4/4	3	1	III					d	i		III	III							M	1	1	-1, 3, 0		-1	-1	0	3	0.0	0.0	0.625	0.0
86	86	1/2	1/2	4/4	3	1	V6(4)/III					d	i		V6(4)/III	V		6	4	III			M	1	1	-1, 1, 0		0	-1	2	2	0.5	0.125	0.375	0.25
86	86	3/4	3/4	4/4	3	1	V6/III					d	i		V6/III	V		6		III			M	1	1	4, 1, 0		0	4	3	5	0.375	0.1875	0.3125	0.375
87	87	0	0	4/4	3	1	III					d	i		III	III							M	1	1	-1, 3, 0		-1	-1	0	4	0.0	0.0	1.25	0.0
87	87	1/2	1/2	4/4	3	1	III6					d	i		III6	III		6					M	1	1	3, 0, -1		-1	3	4	5	0.4444444444444444	0.5	1.0	0.3333333333333333
88	88	0	0	4/4	3	1	VI					d	i		VI	VI							M	1	1	-2, 2, -1		-2	-2	0	4	0.0	0.0	2.25	0.0
88	88	1/2	1/2	4/4	3	1	iv6					d	i		iv6	iv		6					m	1	1	-2, 2, 1		1	-2	1	2	0.3333333333333333	0.125	0.375	0.25
88	88	3/4	3/4	4/4	3	1	iv					d	i		iv	iv							m	1	1	1, -2, 2		1	1	2	5	0.2857142857142857	0.25	1.25	0.16666666666666666
89	89	1/4	1/4	4/4	3	1	i64					d	i		i64	i		64					m	1	1	3, 2, -1		2	3	1	2	0.3333333333333333	0.125	0.375	0.25
89	89	1/2	1/2	4/4	3	1	iv6					d	i		iv6	iv		6					m	1	1	-2, 2, 1		1	-2	4	5	0.4444444444444444	0.25	1.25	0.16666666666666666
90	90	0	0	4/4	3	1	V					d	i		V	V							M	1	1	3, 7, 4		3	3	0	5	0.0	0.0	1.75	0.0
90	90	1/2	1/2	4/4	3	1	III6					d	i		III6	III		6					M	1	1	3, 0, -1		-1	3	1	3	0.25	0.125	0.875	0.125
90	90	3/4	3/4	4/4	3	1	III					d	i		III	III							M	1	1	-1, 3, 0		-1	-1	1	2	0.3333333333333333	0.125	0.375	0.25
91	91	0	0	4/4	3	1	#vi%65					d	i		#vi%65	#vi	%	65					%7	1	1	2, -1, 3, 5		5	2	0	3	0.0	0.0	1.0	0.0
91	91	1/4	1/4	4/4	3	1	ii					d	i		ii	ii							m	1	1	4, 1, 5		4	4	0	2	0.0	0.0	0.5	0.0
91	91	1/2	1/2	4/4	3	1	iv					d	i		iv	iv							m	1	1	1, -2, 2		1	1	3	7	0.3	0.375	1.625	0.1875
92	92	0	0	4/4	3	1	v					d	i		v	v							m	1	1	3, 0, 4		3	3	2	7	0.2222222222222222	0.25	1.75	0.125
92	92	1/2	1/2	4/4	3	1	v64					d	i		v64	v		64					m	1	1	4, 3, 0		3	4	2	3	0.4	0.25	0.75	0.25
92	92	3/4	3/4	4/4	3	1	v					d	i		v	v							m	1	1	3, 0, 4		3	3	2	3	0.4	0.25	0.5	0.3333333333333333
93	93	0	0	4/4	3	1	i					d	i		i	i							m	1	1	2, -1, 3		2	2	1	4	0.2	0.125	0.875	0.125
93	93	1/4	1/4	4/4	3	1	VI					d	i		VI	VI							M	1	1	-2, 2, -1		-2	-2	1	4	0.2	0.125	1.25	0.09090909090909091
93	93	1/2	1/2	4/4	3	1	ii%65					d	i		ii%65	ii	%	65					%7	1	1	1, -2, 2, 4		4	1	0	3	0.0	0.0	0.875	0.0
93	93	3/4	3/4	4/4	3	1	V					d	i		V	V							M	1	1	3, 7, 4		3	3	1	3	0.25	0.125	0.625	0.16666666666666666
94	94	0	0	4/4	3	1	VI					d	i		VI	VI							M	1	1	-2, 2, -1		-2	-2	1	7	0.125	0.125	1.875	0.0625
94	94	1/2	1/2	4/4	3	1	iv					d	i		iv	iv							m	1	1	1, -2, 2		1	1	0	3	0.0	0.0	1.0	0.0
94	94	3/4	3/4	4/4	3	1	iio6					d	i		iio6	ii	o	6					o	1	1	1, -2, 4		4	1	1	2	0.3333333333333333	0.125	0.375	0.25
95	95	0	0	4/4	3	1	i					d	i		i	i							m	1	1	2, -1, 3		2	2	2	8	0.2	0.375	3.375	0.1
96	96	0	0	4/4	3	1	v					d	i		v	v							m	1	1	3, 0, 4		3	3	3	7	0.3	0.625	2.375	0.20833333333333334
97	97	0	0	4/4	3	1	V/v					d	i		V/v	V				v			M	1	1	4, 8, 5		4	4	0	2	0.0	0.0	0.5	0.0
97	97	1/4	1/4	4/4	3	1	iv/v					d	i		iv/v	iv				v			m	1	1	2, -1, 3		2	2	1	3	0.25	0.125	0.625	0.16666666666666666
97	97	1/2	1/2	4/4	3	1	ii%65/v					d	i		ii%65/v	ii	%	65		v			%7	1	1	2, -1, 3, 5		5	2	2	4	0.3333333333333333	0.125	0.875	0.125
97	97	3/4	3/4	4/4	3	1	V/v					d	i		V/v	V				v			M	1	1	4, 8, 5		4	4	2	3	0.4	0.125	0.375	0.25
98	98	0	0	4/4	3	1	III					d	i		III	III							M	1	1	-1, 3, 0		-1	-1	0	3	0.0	0.0	1.0	0.0
98	98	1/4	1/4	4/4	3	1	i					d	i		i	i							m	1	1	2, -1, 3		2	2	0	3	0.0	0.0	0.75	0.0
98	98	1/2	1/2	4/4	3	1	III					d	i		III	III							M	1	1	-1, 3, 0		-1	-1	0	3	0.0	0.0	0.75	0.0
98	98	3/4	3/4	4/4	3	1	viio6/VII	0	-5.5	/		d	i		viio6/VII	vii	o	6		VII			o	1	1	2, -1, 5		5	2	1	3	0.25	0.125	0.625	0.16666666666666666
99	99	0	0	4/4	3	1	VII					d	i		VII	VII							M	1	1	0, 4, 1		0	0	0	3	0.0	0.0	0.75	0.0
99	99	1/4	1/4	4/4	3	1	i					d	i		i	i							m	1	1	2, -1, 3		2	2	0	3	0.0	0.0	0.75	0.0
99	99	1/2	1/2	4/4	3	1	VII6					d	i		VII6	VII		6					M	1	1	4, 1, 0		0	4	0	3	0.0	0.0	0.75	0.0
99	99	3/4	3/4	4/4	3	1	i6					d	i		i6	i		6					m	1	1	-1, 3, 2		2	-1	1	3	0.25	0.125	0.625	0.16666666666666666
100	100	0	0	4/4	3	1	V/V					d	i		V/V	V				V			M	1	1	4, 8, 5		4	4	0	3	0.0	0.0	1.0	0.0
100	100	1/4	1/4	4/4	3	1	V6					d	i		V6	V		6					M	1	1	7, 4, 3		3	7	0	3	0.0	0.0	0.75	0.0
100	100	1/2	1/2	4/4	3	1	i					d	i		i	i							m	1	1	2, -1, 3		2	2	0	4	0.0	0.0	1.25	0.0
100	100	3/4	3/4	4/4	3	1	#viio6/v					d	i		#viio6/v	#vii	o	6		v			o	1	1	5, 2, 8		8	5	2	3	0.4	0.25	0.5	0.3333333333333333
101	101	0	0	4/4	3	1	v					d	i		v	v							m	1	1	3, 0, 4		3	3	3	10	0.23076923076923078	0.625	2.625	0.19230769230769232
102	102	0	0	4/4	3	1	VII					d	i		VII	VII							M	1	1	0, 4, 1		0	0	0	3	0.0	0.0	0.75	0.0
102	102	1/4	1/4	4/4	3	1	v					d	i		v	v							m	1	1	3, 0, 4		3	3	5	9	0.35714285714285715	0.875	2.125	0.2916666666666667
103	103	0	0	4/4	3	1	VII					d	i		VII	VII							M	1	1	0, 4, 1		0	0	0	4	0.0	0.0	1.25	0.0
103	103	1/4	1/4	4/4	3	1	v					d	i		v	v							m	1	1	3, 0, 4		3	3	0	3	0.0	0.0	0.75	0.0
103	103	1/2	1/2	4/4	3	1	VII					d	i		VII	VII							M	1	1	0, 4, 1		0	0	0	3	0.0	0.0	0.75	0.0
103	103	3/4	3/4	4/4	3	1	#viio6/iv					d	i		#viio6/iv	#vii	o	6		iv			o	1	1	3, 0, 6		6	3	1	3	0.25	0.125	0.625	0.16666666666666666
104	104	0	0	4/4	3	1	iv					d	i		iv	iv							m	1	1	1, -2, 2		1	1	3	9	0.25	0.375	3.625	0.09375
105	105	0	0	4/4	3	1	i					d	i		i	i							m	1	1	2, -1, 3		2	2	3	9	0.25	0.625	3.375	0.15625
106	106	0	0	4/4	3	1	i6					d	i		i6	i		6					m	1	1	-1, 3, 2		2	-1	2	4	0.3333333333333333	0.125	1.375	0.08333333333333333
106	106	1/4	1/4	4/4	3	1	i					d	i		i	i							m	1	1	2, -1, 3		2	2	7	9	0.4375	0.5	1.0	0.3333333333333333
107	107	0	0	4/4	3	1	V					d	i		V	V							M	1	1	3, 7, 4		3	3	5	11	0.3125	0.5	2.5	0.16666666666666666
108	108	0	0	4/4	3	1	VII6					d	i		VII6	VII		6					M	1	1	4, 1, 0		0	4	2	4	0.3333333333333333	0.125	1.375	0.08333333333333333
108	108	1/4	1/4	4/4	3	1	VII					d	i		VII	VII							M	1	1	0, 4, 1		0	0	7	9	0.4375	0.5	1.0	0.3333333333333333
109	109	0	0	4/4	3	1	IV					d	i		IV	IV							M	1	1	1, 5, 2		1	1	5	11	0.3125	0.5	2.5	0.16666666666666666
110	110	0	0	4/4	3	1	VI6					d	i		VI6	VI		6					M	1	1	2, -1, -2		-2	2	2	4	0.3333333333333333	0.125	1.375	0.08333333333333333
110	110	1/4	1/4	4/4	3	1	VI					d	i		VI	VI							M	1	1	-2, 2, -1		-2	-2	2	3	0.4	0.125	0.375	0.25
110	110	1/2	1/2	4/4	3	1	VI6					d	i		VI6	VI		6					M	1	1	2, -1, -2		-2	2	5	6	0.45454545454545453	0.375	0.625	0.375
111	111	0	0	4/4	3	1	III					d	i		III	III							M	1	1	-1, 3, 0		-1	-1	0	3	0.0	0.0	1.0	0.0
111	111	1/4	1/4	4/4	3	1	i					d	i		i	i							m	1	1	2, -1, 3		2	2	0	3	0.0	0.0	0.75	0.0
111	111	1/2	1/2	4/4	3	1	i6					d	i		i6	i		6					m	1	1	-1, 3, 2		2	-1	6	7	0.46153846153846156	0.625	0.875	0.4166666666666667
112	112	0	0	4/4	3	1	v6					d	i		v6	v		6					m	1	1	0, 4, 3		3	0	2	4	0.3333333333333333	0.125	0.625	0.16666666666666666
112	112	1/4	1/4	4/4	3	1	i					d	i		i	i							m	1	1	2, -1, 3		2	2	2	4	0.3333333333333333	0.125	0.625	0.16666666666666666
112	112	1/2	1/2	4/4	3	1	v					d	i		v	v							m	1	1	3, 0, 4		3	3	7	7	0.5	0.625	0.875	0.4166666666666667
113	113	0	0	4/4	3	1	VII					d	i		VII	VII							M	1	1	0, 4, 1		0	0	6	16	0.2727272727272727	1.0	6.0	0.14285714285714285
115	115	0	0	4/4	3	1	ii					d	i		ii	ii							m	1	1	4, 1, 5		4	4	2	3	0.4	0.125	0.875	0.125
115	115	1/4	1/4	4/4	3	1	VII					d	i		VII	VII							M	1	1	0, 4, 1		0	0	6	8	0.42857142857142855	1.0	1.75	0.36363636363636365
116	116	0	0	4/4	3	1	ii					d	i		ii	ii							m	1	1	4, 1, 5		4	4	0	4	0.0	0.0	2.25	0.0
116	116	1/4	1/4	4/4	3	1	VII					d	i		VII	VII							M	1	1	0, 4, 1		0	0	0	2	0.0	0.0	0.5	0.0
116	116	1/2	1/2	4/4	3	1	VII6					d	i		VII6	VII		6					M	1	1	4, 1, 0		0	4	4	3	0.5714285714285714	0.625	0.625	0.5
117	117	0	0	4/4	3	1	#viio6/v					d	i		#viio6/v	#vii	o	6		v			o	1	1	5, 2, 8		8	5	0	5	0.0	0.0	1.75	0.0
117	117	1/2	1/2	4/4	3	1	v					d	i		v	v							m	1	1	3, 0, 4		3	3	3	5	0.375	0.375	1.625	0.1875
118	118	0	0	4/4	3	1	V/v					d	i		V/v	V				v			M	1	1	4, 8, 5		4	4	0	3	0.0	0.0	1.375	0.0
118	118	1/4	1/4	4/4	3	1	V(64)/v					d	i		V(64)/v	V			64	v			M	1	1	4, 3, 0		4	4	1	2	0.3333333333333333	0.125	0.375	0.25
118	118	1/2	1/2	4/4	3	1	V(4)/v					d	i		V(4)/v	V			4	v			M	1	1	4, 3, 5		4	4	2	3	0.4	0.125	0.625	0.16666666666666666
118	118	3/4	3/4	4/4	3	1	V/v					d	i		V/v	V				v			M	1	1	4, 8, 5		4	4	2	2	0.5	0.125	0.125	0.5
119	119	0	0	4/4	3	1	i					d	i		i	i							m	1	1	2, -1, 3		2	2	4	12	0.25	1.0	7.0	0.125
122	122	0	0	4/4	3	1	V6					d	i		V6	V		6					M	1	1	7, 4, 3		3	7	2	4	0.3333333333333333	0.5	2.5	0.16666666666666666
123	123	0	0	4/4	3	1	v6					d	i		v6	v		6					m	1	1	0, 4, 3		3	0	2	4	0.3333333333333333	0.5	1.75	0.2222222222222222
124	124	0	0	4/4	3	1	IV6					d	i		IV6	IV		6					M	1	1	5, 2, 1		1	5	3	4	0.42857142857142855	0.75	2.25	0.25
125	125	0	0	4/4	3	1	iv6					d	i		iv6	iv		6					m	1	1	-2, 2, 1		1	-2	3	5	0.375	0.75	2.25	0.25
126	126	0	0	4/4	3	1	V(4)					d	i		V(4)	V			4				M	1	1	3, 2, 4		3	3	0	3	0.0	0.0	1.75	0.0
126	126	1/4	1/4	4/4	3	1	V					d	i		V	V							M	1	1	3, 7, 4		3	3	2	4	0.3333333333333333	0.25	1.25	0.16666666666666666
127	127	0	0	4/4	3	1	v					d	i		v	v							m	1	1	3, 0, 4		3	3	1	4	0.2	0.125	2.125	0.05555555555555555
127	127	1/2	1/2	4/4	3	1	i6					d	i		i6	i		6					m	1	1	-1, 3, 2		2	-1	0	3	0.0	0.0	0.75	0.0
127	127	3/4	3/4	4/4	3	1	V43					d	i		V43	V		43					Mm7	1	1	4, 1, 3, 7		3	4	0	3	0.0	0.0	0.75	0.0
128	128	0	0	4/4	3	1	i					d	i		i	i							m	1	1	2, -1, 3		2	2	1	5	0.16666666666666666	0.0625	1.6875	0.03571428571428571
128	128	1/4	1/4	4/4	3	1	v6					d	i		v6	v		6					m	1	1	0, 4, 3		3	0	1	4	0.2	0.0625	0.6875	0.08333333333333333
128	128	1/2	1/2	4/4	3	1	i6(2)					d	i		i6(2)	i		6	2				m	1	1	-1, 3, 4		2	-1	0	5	0.0	0.0	1.25	0.0
128	128	3/4	3/4	4/4	3	1	i6					d	i		i6	i		6					m	1	1	-1, 3, 2		2	-1	1	3	0.25	0.0625	0.1875	0.25
129	129	0	0	4/4	3	1	V/v					d	i		V/v	V				v			M	1	1	4, 8, 5		4	4	1	6	0.14285714285714285	0.125	3.375	0.03571428571428571
130	130	0	0	4/4	3	1	VII6					d	i		VII6	VII		6					M	1	1	4, 1, 0		0	4	0	4	0.0	0.0	2.625	0.0
130	130	1/4	1/4	4/4	3	1	ii					d	i		ii	ii							m	1	1	4, 1, 5		4	4	1	1	0.5	0.125	0.25	0.3333333333333333
130	130	1/2	1/2	4/4	3	1	VII6					d	i		VII6	VII		6					M	1	1	4, 1, 0		0	4	0	2	0.0	0.0	0.75	0.0
130	130	3/4	3/4	4/4	3	1	ii					d	i		ii	ii							m	1	1	4, 1, 5		4	4	0	1	0.0	0.0	0.25	0.0
131	131	0	0	4/4	3	1	I6(2)					d	i		I6(2)	I		6	2				M	1	1	6, 3, 4		2	6	0	4	0.0	0.0	2.5	0.0
131	131	1/2	1/2	4/4	3	1	I6					d	i		I6	I		6					M	1	1	6, 3, 2		2	6	0	1	0.0	0.0	0.25	0.0
131	131	3/4	3/4	4/4	3	1	#iii6					d	i		#iii6	#iii		6					m	1	1	3, 7, 6		6	3	0	2	0.0	0.0	0.5	0.0
132	132	0	0	4/4	3	1	i					d	i		i	i							m	1	1	2, -1, 3		2	2	1	5	0.16666666666666666	0.125	2.375	0.05
132	132	1/2	1/2	4/4	3	1	VI					d	i		VI	VI							M	1	1	-2, 2, -1		-2	-2	1	2	0.3333333333333333	0.25	0.75	0.25
133	133	0	0	4/4	3	1	ii%65					d	i		ii%65	ii	%	65					%7	1	1	1, -2, 2, 4		4	1	0	4	0.0	0.0	2.0	0.0
133	133	1/2	1/2	4/4	3	1	V					d	i		V	V							M	1	1	3, 7, 4		3	3	2	7	0.2222222222222222	0.375	3.125	0.10714285714285714
134	134	1/2	1/2	4/4	3	1	#iii6					d	i		#iii6	#iii		6					m	1	1	3, 7, 6		6	3	0	2	0.0	0.0	0.625	0.0
134	134	3/4	3/4	4/4	3	1	V					d	i		V	V							M	1	1	3, 7, 4		3	3	1	2	0.3333333333333333	0.125	0.5	0.2
135	135	0	0	4/4	3	1	I					d	i		I	I							M	1	1	2, 6, 3		2	2	1	4	0.2	0.125	1.625	0.07142857142857142
135	135	1/2	1/2	4/4	3	1	viio/VII					d	i		viio/VII	vii	o			VII			o	1	1	5, 2, -1		5	5	3	3	0.5	0.625	1.125	0.35714285714285715
136	136	0	0	4/4	3	1	V/VII					d	i		V/VII	V				VII			M	1	1	1, 5, 2		1	1	3	4	0.42857142857142855	0.625	1.875	0.25
136	136	1/2	1/2	4/4	3	1	V6/VII					d	i		V6/VII	V		6		VII			M	1	1	5, 2, 1		1	5	2	3	0.4	0.5	1.0	0.3333333333333333
137	137	0	0	4/4	3	1	VII					d	i		VII	VII							M	1	1	0, 4, 1		0	0	1	5	0.16666666666666666	0.125	2.375	0.05
137	137	1/2	1/2	4/4	3	1	v					d	i		v	v							m	1	1	3, 0, 4		3	3	3	2	0.6	0.625	0.625	0.5
138	138	0	0	4/4	3	1	III					d	i		III	III							M	1	1	-1, 3, 0		-1	-1	0	3	0.0	0.0	0.875	0.0
138	138	1/4	1/4	4/4	3	1	VII6					d	i		VII6	VII		6					M	1	1	4, 1, 0		0	4	1	3	0.25	0.125	0.75	0.14285714285714285
138	138	1/2	1/2	4/4	3	1	III					d	i		III	III							M	1	1	-1, 3, 0		-1	-1	0	4	0.0	0.0	1.125	0.0
138	138	3/4	3/4	4/4	3	1	VII					d	i		VII	VII							M	1	1	0, 4, 1		0	0	1	3	0.25	0.125	0.75	0.14285714285714285
139	139	0	0	4/4	3	1	i					d	i		i	i							m	1	1	2, -1, 3		2	2	0	4	0.0	0.0	1.0	0.0
139	139	1/4	1/4	4/4	3	1	ii%43					d	i		ii%43	ii	%	43					%7	1	1	-2, 2, 4, 1		4	-2	0	5	0.0	0.0	1.0	0.0
139	139	1/2	1/2	4/4	3	1	V(4)					d	i		V(4)	V			4				M	1	1	3, 2, 4		3	3	0	5	0.0	0.0	1.75	0.0
139	139	3/4	3/4	4/4	3	1	V					d	i		V	V							M	1	1	3, 7, 4		3	3	0	1	0.0	0.0	0.25	0.0
140	140	0	0	4/4	3	1	i					d	i		i	i							m	1	1	2, -1, 3		2	2	3	9	0.25	0.375	2.875	0.11538461538461539
140	140	3/4	3/4	4/4	3	1	i6					d	i		i6	i		6					m	1	1	-1, 3, 2		2	-1	1	2	0.3333333333333333	0.125	0.375	0.25
141	141	0	0	4/4	3	1	V					d	i		V	V							M	1	1	3, 7, 4		3	3	4	5	0.4444444444444444	0.25	1.75	0.125
141	141	1/2	1/2	4/4	3	1	v					d	i		v	v							m	1	1	3, 0, 4		3	3	2	7	0.2222222222222222	0.125	0.875	0.125
142	142	0	0	4/4	3	1	V/v					d	i		V/v	V				v			M	1	1	4, 8, 5		4	4	5	11	0.3125	0.375	3.375	0.1
143	143	0	0	4/4	3	1	iv					d	i		iv	iv							m	1	1	1, -2, 2		1	1	2	5	0.2857142857142857	0.125	3.125	0.038461538461538464
143	143	1/4	1/4	4/4	3	1	iv6					d	i		iv6	iv		6					m	1	1	-2, 2, 1		1	-2	1	3	0.25	0.0625	0.1875	0.25
143	143	1/2	1/2	4/4	3	1	iv					d	i		iv	iv							m	1	1	1, -2, 2		1	1	3	5	0.375	0.1875	0.3125	0.375
144	144	0	0	4/4	3	1	I					d	i		I	I							M	1	1	2, 6, 3		2	2	2	4	0.3333333333333333	0.125	2.125	0.05555555555555555
144	144	1/4	1/4	4/4	3	1	I6					d	i		I6	I		6					M	1	1	6, 3, 2		2	6	2	3	0.4	0.125	0.375	0.25
144	144	1/2	1/2	4/4	3	1	I					d	i		I	I							M	1	1	2, 6, 3		2	2	3	7	0.3	0.1875	0.8125	0.1875
145	145	0	0	4/4	3	1	III					d	i		III	III							M	1	1	-1, 3, 0		-1	-1	7	12	0.3684210526315789	0.4375	3.5625	0.109375
146	146	0	0	4/4	3	1	V/III					d	i		V/III	V				III			M	1	1	0, 4, 1		0	0	11	15	0.4230769230769231	0.6875	4.8125	0.125
147	147	1/4	1/4	4/4	3	1	V(4)/III					d	i		V(4)/III	V			4	III			M	1	1	0, -1, 1		0	0	5	3	0.625	0.3125	0.1875	0.625
147	147	3/4	3/4	4/4	3	1	V/III					d	i		V/III	V				III			M	1	1	0, 4, 1		0	0	2	2	0.5	0.125	0.125	0.5
148	148	0	0	4/4	3	1	VI6					d	i		VI6	VI		6					M	1	1	2, -1, -2		-2	2	1	6	0.14285714285714285	0.0625	1.4375	0.041666666666666664
148	148	1/4	1/4	4/4	3	1	i					d	i		i	i							m	1	1	2, -1, 3		2	2	2	3	0.4	0.125	0.625	0.16666666666666666
148	148	1/2	1/2	4/4	3	1	iv6(2)					d	i		iv6(2)	iv		6	2				m	1	1	-2, 2, 3		1	-2	2	4	0.3333333333333333	0.125	1.125	0.1
148	148	3/4	3/4	4/4	3	1	iv6					d	i		iv6	iv		6					m	1	1	-2, 2, 1		1	-2	4	5	0.4444444444444444	0.125	0.375	0.25
149	149	0	0	4/4	3	1	V					d	i		V	V							M	1	1	3, 7, 4		3	3	0	6	0.0	0.0	2.0	0.0
149	149	1/2	1/2	4/4	3	1	v					d	i		v	v							m	1	1	3, 0, 4		3	3	1	2	0.3333333333333333	0.125	0.375	0.25
149	149	3/4	3/4	4/4	3	1	v6					d	i		v6	v		6					m	1	1	0, 4, 3		3	0	1	2	0.3333333333333333	0.125	0.375	0.25
150	150	0	0	4/4	3	1	V/v					d	i		V/v	V				v			M	1	1	4, 8, 5		4	4	1	3	0.25	0.0625	0.4375	0.125
150	150	1/4	1/4	4/4	3	1	ii6					d	i		ii6	ii		6					m	1	1	1, 5, 4		4	1	2	3	0.4	0.125	0.375	0.25
150	150	1/2	1/2	4/4	3	1	I					d	i		I	I							M	1	1	2, 6, 3		2	2	1	3	0.25	0.0625	0.4375	0.125
150	150	3/4	3/4	4/4	3	1	i6					d	i		i6	i		6					m	1	1	-1, 3, 2		2	-1	2	3	0.4	0.125	0.375	0.25
151	151	0	0	4/4	3	1	v					d	i		v	v							m	1	1	3, 0, 4		3	3	1	3	0.25	0.0625	0.4375	0.125
151	151	1/4	1/4	4/4	3	1	v6					d	i		v6	v		6					m	1	1	0, 4, 3		3	0	2	3	0.4	0.125	0.375	0.25
151	151	1/2	1/2	4/4	3	1	VII					d	i		VII	VII							M	1	1	0, 4, 1		0	0	1	3	0.25	0.0625	0.4375	0.125
151	151	3/4	3/4	4/4	3	1	VII6					d	i		VII6	VII		6					M	1	1	4, 1, 0		0	4	2	3	0.4	0.125	0.375	0.25
152	152	0	0	4/4	3	1	V/ii					d	i		V/ii	V				ii			M	1	1	5, 9, 6		5	5	1	3	0.25	0.0625	0.4375	0.125
152	152	1/4	1/4	4/4	3	1	i					d	i		i	i							m	1	1	2, -1, 3		2	2	2	3	0.4	0.125	0.375	0.25
152	152	1/2	1/2	4/4	3	1	V					d	i		V	V							M	1	1	3, 7, 4		3	3	0	3	0.0	0.0	0.5	0.0
152	152	3/4	3/4	4/4	3	1	v					d	i		v	v							m	1	1	3, 0, 4		3	3	2	3	0.4	0.125	0.375	0.25
153	153	0	0	4/4	3	1	ii64					d	i		ii64	ii		64					m	1	1	5, 4, 1		4	5	0	3	0.0	0.0	0.5	0.0
153	153	1/4	1/4	4/4	3	1	IV6					d	i		IV6	IV		6					M	1	1	5, 2, 1		1	5	2	3	0.4	0.125	0.375	0.25
153	153	1/2	1/2	4/4	3	1	I					d	i		I	I							M	1	1	2, 6, 3		2	2	2	6	0.25	0.125	0.875	0.125
154	154	0	0	4/4	3	1	V64					d	i		V64	V		64					M	1	1	4, 3, 7		3	4	0	3	0.0	0.0	0.5	0.0
154	154	1/4	1/4	4/4	3	1	v					d	i		v	v							m	1	1	3, 0, 4		3	3	2	3	0.4	0.125	0.375	0.25
154	154	1/2	1/2	4/4	3	1	IV6					d	i		IV6	IV		6					M	1	1	5, 2, 1		1	5	2	3	0.4	0.125	0.375	0.25
154	154	3/4	3/4	4/4	3	1	iv					d	i		iv	iv							m	1	1	1, -2, 2		1	1	2	3	0.4	0.125	0.375	0.25
155	155	0	0	4/4	3	1	v					d	i		v	v							m	1	1	3, 0, 4		3	3	5	10	0.3333333333333333	0.3125	1.1875	0.20833333333333334
155	155	3/4	3/4	4/4	3	1	v6					d	i		v6	v		6					m	1	1	0, 4, 3		3	0	1	4	0.2	0.0625	0.4375	0.125
156	156	0	0	4/4	3	1	IV					d	i		IV	IV							M	1	1	1, 5, 2		1	1	2	3	0.4	0.125	0.375	0.25
156	156	1/4	1/4	4/4	3	1	iv					d	i		iv	iv							m	1	1	1, -2, 2		1	1	1	4	0.2	0.0625	0.4375	0.125
156	156	1/2	1/2	4/4	3	1	i					d	i		i	i							m	1	1	2, -1, 3		2	2	1	4	0.2	0.0625	0.4375	0.125
156	156	3/4	3/4	4/4	3	1	i6					d	i		i6	i		6					m	1	1	-1, 3, 2		2	-1	1	4	0.2	0.0625	0.4375	0.125
157	157	0	0	4/4	3	1	VII					d	i		VII	VII							M	1	1	0, 4, 1		0	0	2	3	0.4	0.125	0.375	0.25
157	157	1/4	1/4	4/4	3	1	iv					d	i		iv	iv							m	1	1	1, -2, 2		1	1	2	2	0.5	0.125	0.375	0.25
157	157	1/2	1/2	4/4	3	1	iv6					d	i		iv6	iv		6					m	1	1	-2, 2, 1		1	-2	2	3	0.4	0.125	0.375	0.25
157	157	3/4	3/4	4/4	3	1	iv					d	i		iv	iv							m	1	1	1, -2, 2		1	1	2	3	0.4	0.125	0.375	0.25
158	158	0	0	4/4	3	1	v					d	i		v	v							m	1	1	3, 0, 4		3	3	2	3	0.4	0.125	0.375	0.25
158	158	1/4	1/4	4/4	3	1	III					d	i		III	III							M	1	1	-1, 3, 0		-1	-1	2	3	0.4	0.125	0.375	0.25
158	158	1/2	1/2	4/4	3	1	VII					d	i		VII	VII							M	1	1	0, 4, 1		0	0	2	3	0.4	0.125	0.375	0.25
158	158	3/4	3/4	4/4	3	1	IV					d	i		IV	IV							M	1	1	1, 5, 2		1	1	2	3	0.4	0.125	0.375	0.25
159	159	0	0	4/4	3	1	I64					d	i		I64	I		64					M	1	1	3, 2, 6		2	3	1	4	0.2	0.0625	0.4375	0.125
159	159	1/4	1/4	4/4	3	1	IV					d	i		IV	IV							M	1	1	1, 5, 2		1	1	2	3	0.4	0.125	0.375	0.25
159	159	1/2	1/2	4/4	3	1	VII					d	i		VII	VII							M	1	1	0, 4, 1		0	0	3	7	0.3	0.1875	0.8125	0.1875
160	160	0	0	4/4	3	1	I64					d	i		I64	I		64					M	1	1	3, 2, 6		2	3	1	4	0.2	0.0625	0.4375	0.125
160	160	1/4	1/4	4/4	3	1	i6					d	i		i6	i		6					m	1	1	-1, 3, 2		2	-1	2	3	0.4	0.125	0.375	0.25
160	160	1/2	1/2	4/4	3	1	V					d	i		V	V							M	1	1	3, 7, 4		3	3	1	4	0.2	0.0625	0.4375	0.125
160	160	3/4	3/4	4/4	3	1	V6					d	i		V6	V		6					M	1	1	7, 4, 3		3	7	3	4	0.42857142857142855	0.125	0.375	0.25
161	161	0	0	4/4	3	1	i					d	i		i	i							m	1	1	2, -1, 3		2	2	2	3	0.4	0.125	0.375	0.25
161	161	1/4	1/4	4/4	3	1	v					d	i		v	v							m	1	1	3, 0, 4		3	3	5	16	0.23809523809523808	0.375	2.125	0.15
162	162	0	0	4/4	3	1	V6/v					d	i		V6/v	V		6		v			M	1	1	8, 5, 4		4	8	1	6	0.14285714285714285	0.0625	0.6875	0.08333333333333333
162	162	1/4	1/4	4/4	3	1	ii					d	i		ii	ii							m	1	1	4, 1, 5		4	4	1	6	0.14285714285714285	0.0625	0.6875	0.08333333333333333
162	162	1/2	1/2	4/4	3	1	I6					d	i		I6	I		6					M	1	1	6, 3, 2		2	6	1	6	0.14285714285714285	0.0625	0.6875	0.08333333333333333
162	162	3/4	3/4	4/4	3	1	i					d	i		i	i							m	1	1	2, -1, 3		2	2	1	6	0.14285714285714285	0.0625	0.6875	0.08333333333333333
163	163	0	0	4/4	3	1	VII6					d	i		VII6	VII		6					M	1	1	4, 1, 0		0	4	1	6	0.14285714285714285	0.0625	0.6875	0.08333333333333333
163	163	1/4	1/4	4/4	3	1	IV					d	i		IV	IV							M	1	1	1, 5, 2		1	1	7	14	0.3333333333333333	0.5625	1.6875	0.25
164	164	0	0	4/4	3	1	I6					d	i		I6	I		6					M	1	1	6, 3, 2		2	6	2	5	0.2857142857142857	0.125	0.75	0.14285714285714285
164	164	1/4	1/4	4/4	3	1	i6					d	i		i6	i		6					m	1	1	-1, 3, 2		2	-1	2	4	0.3333333333333333	0.125	0.5	0.2
164	164	1/2	1/2	4/4	3	1	ii					d	i		ii	ii							m	1	1	4, 1, 5		4	4	8	10	0.4444444444444444	0.5	1.0	0.3333333333333333
165	165	0	0	4/4	3	1	i					d	i		i	i							m	1	1	2, -1, 3		2	2	2	5	0.2857142857142857	0.125	0.625	0.16666666666666666
165	165	1/4	1/4	4/4	3	1	III					d	i		III	III							M	1	1	-1, 3, 0		-1	-1	8	13	0.38095238095238093	0.6875	1.5625	0.3055555555555556
166	166	0	0	4/4	3	1	ii					d	i		ii	ii							m	1	1	4, 1, 5		4	4	5	9	0.35714285714285715	0.4375	1.0625	0.2916666666666667
166	166	1/2	1/2	4/4	3	1	i					d	i		i	i							m	1	1	2, -1, 3		2	2	5	9	0.35714285714285715	0.4375	1.0625	0.2916666666666667
167	167	0	0	4/4	3	1	VII					d	i		VII	VII							M	1	1	0, 4, 1		0	0	3	5	0.375	0.125	0.625	0.16666666666666666
167	167	1/4	1/4	4/4	3	1	ii					d	i		ii	ii							m	1	1	4, 1, 5		4	4	9	15	0.375	0.375	1.875	0.16666666666666666
168	168	0	0	4/4	3	1	V6/ii					d	i		V6/ii	V		6		ii			M	1	1	9, 6, 5		5	9	3	5	0.375	0.125	0.625	0.16666666666666666
168	168	1/4	1/4	4/4	3	1	viio6/VII					d	i		viio6/VII	vii	o	6		VII			o	1	1	2, -1, 5		5	2	3	5	0.375	0.125	0.875	0.125
168	168	1/2	1/2	4/4	3	1	V6(9)					d	i		V6(9)	V		6	9				M	1	1	7, 4, 3	-2	3	7	3	4	0.42857142857142855	0.125	0.375	0.25
168	168	3/4	3/4	4/4	3	1	v6					d	i		v6	v		6					m	1	1	0, 4, 3		3	0	3	5	0.375	0.125	0.625	0.16666666666666666
169	169	0	0	4/4	3	1	#vi					d	i		#vi	#vi							m	1	1	5, 2, 6		5	5	0	3	0.0	0.0	1.0	0.0
169	169	1/4	1/4	4/4	3	1	#vi6					d	i		#vi6	#vi		6					m	1	1	2, 6, 5		5	2	3	4	0.42857142857142855	0.125	0.375	0.25
169	169	1/2	1/2	4/4	3	1	I					d	i		I	I							M	1	1	2, 6, 3		2	2	6	10	0.375	0.25	1.25	0.16666666666666666
170	170	0	0	4/4	3	1	V6					d	i		V6	V		6					M	1	1	7, 4, 3		3	7	3	5	0.375	0.125	0.625	0.16666666666666666
170	170	1/4	1/4	4/4	3	1	v6					d	i		v6	v		6					m	1	1	0, 4, 3		3	0	3	5	0.375	0.125	0.875	0.125
170	170	1/2	1/2	4/4	3	1	IV6(9)					d	i		IV6(9)	IV		6	9				M	1	1	5, 2, 1	3	1	5	1	6	0.14285714285714285	0.041666666666666664	0.4583333333333333	0.08333333333333333
170	170	3/4	3/4	4/4	3	1	iv6					d	i		iv6	iv		6					m	1	1	-2, 2, 1		1	-2	3	5	0.375	0.125	0.625	0.16666666666666666
171	171	0	0	4/4	3	1	V					d	i		V	V							M	1	1	3, 7, 4		3	3	2	7	0.2222222222222222	0.25	3.5	0.06666666666666667
172	172	0	0	4/4	3	1	V6/v					d	i		V6/v	V		6		v			M	1	1	8, 5, 4		4	8	0	1	0.0	0.0	0.25	0.0
172	172	1/4	1/4	4/4	3	1	IV					d	i		IV	IV							M	1	1	1, 5, 2		1	1	0	2	0.0	0.0	0.5	0.0
172	172	1/2	1/2	4/4	3	1	I6					d	i		I6	I		6					M	1	1	6, 3, 2		2	6	0	2	0.0	0.0	0.5	0.0
172	172	3/4	3/4	4/4	3	1	i6					d	i		i6	i		6					m	1	1	-1, 3, 2		2	-1	0	2	0.0	0.0	0.5	0.0
173	173	0	0	4/4	3	1	#viio6					d	i		#viio6	#vii	o	6					o	1	1	4, 1, 7		7	4	0	2	0.0	0.0	0.75	0.0
173	173	1/4	1/4	4/4	3	1	VII6					d	i		VII6	VII		6					M	1	1	4, 1, 0		0	4	0	1	0.0	0.0	0.25	0.0
173	173	1/2	1/2	4/4	3	1	#vio					d	i		#vio	#vi	o						o	1	1	5, 2, -1		5	5	0	1	0.0	0.0	0.25	0.0
173	173	3/4	3/4	4/4	3	1	VI6					d	i		VI6	VI		6					M	1	1	2, -1, -2		-2	2	0	3	0.0	0.0	0.75	0.0
174	174	0	0	4/4	3	1	i					d	i		i	i							m	1	1	2, -1, 3		2	2	0	5	0.0	0.0	1.5	0.0
174	174	1/2	1/2	4/4	3	1	V6					d	i		V6	V		6					M	1	1	7, 4, 3		3	7	0	2	0.0	0.0	0.5	0.0
174	174	3/4	3/4	4/4	3	1	VII					d	i		VII	VII							M	1	1	0, 4, 1		0	0	0	3	0.0	0.0	0.75	0.0
175	175	0	0	4/4	3	1	IV6					d	i		IV6	IV		6					M	1	1	5, 2, 1		1	5	0	3	0.0	0.0	1.0	0.0
175	175	1/4	1/4	4/4	3	1	iv6					d	i		iv6	iv		6					m	1	1	-2, 2, 1		1	-2	0	2	0.0	0.0	0.5	0.0
175	175	1/2	1/2	4/4	3	1	I64					d	i		I64	I		64					M	1	1	3, 2, 6		2	3	0	2	0.0	0.0	0.75	0.0
175	175	3/4	3/4	4/4	3	1	i64					d	i		i64	i		64					m	1	1	3, 2, -1		2	3	0	2	0.0	0.0	0.5	0.0
176	176	0	0	4/4	3	1	V(4)					d	i		V(4)	V			4				M	1	1	3, 2, 4		3	3	0	3	0.0	0.0	1.0	0.0
176	176	1/4	1/4	4/4	3	1	viio/VI					d	i		viio/VI	vii	o			VI			o	1	1	3, 0, -3		3	3	0	2	0.0	0.0	0.5	0.0
176	176	1/2	1/2	4/4	3	1	VI					d	i		VI	VI							M	1	1	-2, 2, -1		-2	-2	0	2	0.0	0.0	0.625	0.0
176	176	3/4	3/4	4/4	3	1	i					d	i		i	i							m	1	1	2, -1, 3		2	2	3	7	0.3	0.375	2.0	0.15789473684210525
177	177	1/2	1/2	4/4	3	1	V6					d	i		V6	V		6					M	1	1	7, 4, 3		3	7	0	3	0.0	0.0	1.0	0.0
177	177	3/4	3/4	4/4	3	1	v6					d	i		v6	v		6					m	1	1	0, 4, 3		3	0	0	2	0.0	0.0	0.5	0.0
178	178	0	0	4/4	3	1	#viio6/v					d	i		#viio6/v	#vii	o	6		v			o	1	1	5, 2, 8		8	5	0	2	0.0	0.0	0.5	0.0
178	178	1/4	1/4	4/4	3	1	iv6					d	i		iv6	iv		6					m	1	1	-2, 2, 1		1	-2	0	3	0.0	0.0	0.75	0.0
178	178	1/2	1/2	4/4	3	1	I64					d	i		I64	I		64					M	1	1	3, 2, 6		2	3	0	3	0.0	0.0	1.0	0.0
178	178	3/4	3/4	4/4	3	1	i64					d	i		i64	i		64					m	1	1	3, 2, -1		2	3	0	3	0.0	0.0	0.75	0.0
179	179	0	0	4/4	3	1	V					d	i		V	V							M	1	1	3, 7, 4		3	3	1	4	0.2	0.125	1.125	0.1
179	179	1/4	1/4	4/4	3	1	v6					d	i		v6	v		6					m	1	1	0, 4, 3		3	0	1	3	0.25	0.125	0.625	0.16666666666666666
179	179	1/2	1/2	4/4	3	1	V/v					d	i		V/v	V				v			M	1	1	4, 8, 5		4	4	1	3	0.25	0.125	0.625	0.16666666666666666
179	179	3/4	3/4	4/4	3	1	iv					d	i		iv	iv							m	1	1	1, -2, 2		1	1	0	4	0.0	0.0	1.0	0.0
180	180	0	0	4/4	3	1	I					d	i		I	I							M	1	1	2, 6, 3		2	2	1	4	0.2	0.125	1.0	0.1111111111111111
180	180	1/4	1/4	4/4	3	1	i6					d	i		i6	i		6					m	1	1	-1, 3, 2		2	-1	2	3	0.4	0.25	0.625	0.2857142857142857
180	180	1/2	1/2	4/4	3	1	V					d	i		V	V							M	1	1	3, 7, 4		3	3	1	4	0.2	0.125	1.125	0.1
180	180	3/4	3/4	4/4	3	1	v					d	i		v	v							m	1	1	3, 0, 4		3	3	0	4	0.0	0.0	0.75	0.0
181	181	0	0	4/4	3	1	IV6(2)					d	i		IV6(2)	IV		6	2				M	1	1	5, 2, 3		1	5	0	3	0.0	0.0	0.875	0.0
181	181	1/4	1/4	4/4	3	1	iv6					d	i		iv6	iv		6					m	1	1	-2, 2, 1		1	-2	1	2	0.3333333333333333	0.125	0.5	0.2
181	181	1/2	1/2	4/4	3	1	III6					d	i		III6	III		6					M	1	1	3, 0, -1		-1	3	1	3	0.25	0.125	0.875	0.125
181	181	3/4	3/4	4/4	3	1	v					d	i		v	v							m	1	1	3, 0, 4		3	3	2	3	0.4	0.25	0.5	0.3333333333333333
182	182	0	0	4/4	3	1	V					d	i		V	V							M	1	1	3, 7, 4		3	3	5	7	0.4166666666666667	0.5	1.5	0.25
182	182	1/2	1/2	4/4	3	1	V6/v					d	i		V6/v	V		6		v			M	1	1	8, 5, 4		4	8	3	3	0.5	0.25	0.5	0.3333333333333333
182	182	3/4	3/4	4/4	3	1	IV					d	i		IV	IV							M	1	1	1, 5, 2		1	1	2	4	0.3333333333333333	0.1875	0.5625	0.25
183	183	0	0	4/4	3	1	I6					d	i		I6	I		6					M	1	1	6, 3, 2		2	6	3	3	0.5	0.25	0.5	0.3333333333333333
183	183	1/4	1/4	4/4	3	1	III					d	i		III	III							M	1	1	-1, 3, 0		-1	-1	2	4	0.3333333333333333	0.1875	0.5625	0.25
183	183	1/2	1/2	4/4	3	1	VII6					d	i		VII6	VII		6					M	1	1	4, 1, 0		0	4	0	3	0.0	0.0	0.875	0.0
183	183	5/8	5/8	4/4	3	1	v64					d	i		v64	v		64					m	1	1	4, 3, 0		3	4	0	2	0.0	0.0	0.375	0.0
183	183	3/4	3/4	4/4	3	1	ii(4)					d	i		ii(4)	ii			4				m	1	1	4, 3, 5		4	4	0	2	0.0	0.0	0.375	0.0
183	183	7/8	7/8	4/4	3	1	ii					d	i		ii	ii							m	1	1	4, 1, 5		4	4	0	2	0.0	0.0	0.25	0.0
184	184	0	0	4/4	3	1	III6					d	i		III6	III		6					M	1	1	3, 0, -1		-1	3	0	4	0.0	0.0	1.875	0.0
184	184	1/4	1/4	4/4	3	1	v					d	i		v	v							m	1	1	3, 0, 4		3	3	2	3	0.4	0.25	0.75	0.25
184	184	3/4	3/4	4/4	3	1	I64					d	i		I64	I		64					M	1	1	3, 2, 6		2	3	0	2	0.0	0.0	0.375	0.0
184	184	7/8	7/8	4/4	3	1	i64					d	i		i64	i		64					m	1	1	3, 2, -1		2	3	0	1	0.0	0.0	0.125	0.0
185	185	0	0	4/4	3	1	V					d	i		V	V							M	1	1	3, 7, 4		3	3	2	6	0.25	0.25	2.875	0.08
185	185	3/4	3/4	4/4	3	1	I64					d	i		I64	I		64					M	1	1	3, 2, 6		2	3	0	3	0.0	0.0	0.625	0.0
185	185	7/8	7/8	4/4	3	1	i64					d	i		i64	i		64					m	1	1	3, 2, -1		2	3	0	1	0.0	0.0	0.125	0.0
186	186	0	0	4/4	3	1	v					d	i		v	v							m	1	1	3, 0, 4		3	3	0	5	0.0	0.0	2.25	0.0
186	186	1/4	1/4	4/4	3	1	III6					d	i		III6	III		6					M	1	1	3, 0, -1		-1	3	0	3	0.0	0.0	0.5	0.0
186	186	1/2	1/2	4/4	3	1	v					d	i		v	v							m	1	1	3, 0, 4		3	3	2	1	0.6666666666666666	0.25	0.25	0.5
186	186	3/4	3/4	4/4	3	1	I64					d	i		I64	I		64					M	1	1	3, 2, 6		2	3	0	3	0.0	0.0	0.625	0.0
186	186	7/8	7/8	4/4	3	1	i64					d	i		i64	i		64					m	1	1	3, 2, -1		2	3	0	1	0.0	0.0	0.125	0.0
187	187	0	0	4/4	3	1	V					d	i		V	V							M	1	1	3, 7, 4		3	3	2	5	0.2857142857142857	0.125	3.125	0.038461538461538464
187	187	1/4	1/4	4/4	3	1	V(4)					d	i		V(4)	V			4				M	1	1	3, 2, 4		3	3	4	4	0.5	0.25	0.25	0.5
187	187	3/4	3/4	4/4	3	1	V					d	i		V	V							M	1	1	3, 7, 4		3	3	2	2	0.5	0.125	0.125	0.5
188	188	0	0	4/4	3	1	I[I6					d	i	I	I6	I		6					M	1	1	6, 3, 2		2	6	1	6	0.14285714285714285	0.125	1.875	0.0625
188	188	1/2	1/2	4/4	3	1	V					d	i	I	V	V							M	1	1	3, 7, 4		3	3	0	2	0.0	0.0	0.375	0.0
188	188	5/8	5/8	4/4	3	1	v					d	i	I	v	v							m	1	1	3, 0, 4		3	3	0	1	0.0	0.0	0.125	0.0
188	188	3/4	3/4	4/4	3	1	IV					d	i	I	IV	IV							M	1	1	1, 5, 2		1	1	0	2	0.0	0.0	0.375	0.0
188	188	7/8	7/8	4/4	3	1	iv					d	i	I	iv	iv							m	1	1	1, -2, 2		1	1	0	1	0.0	0.0	0.125	0.0
189	189	0	0	4/4	3	1	I6					d	i	I	I6	I		6					M	1	1	6, 3, 2		2	6	1	6	0.14285714285714285	0.25	2.125	0.10526315789473684
189	189	1/2	1/2	4/4	3	1	V6					d	i	I	V6	V		6					M	1	1	7, 4, 3		3	7	0	2	0.0	0.0	0.375	0.0
189	189	5/8	5/8	4/4	3	1	v6					d	i	I	v6	v		6					m	1	1	0, 4, 3		3	0	0	1	0.0	0.0	0.125	0.0
189	189	3/4	3/4	4/4	3	1	IV6					d	i	I	IV6	IV		6					M	1	1	5, 2, 1		1	5	0	2	0.0	0.0	0.375	0.0
189	189	7/8	7/8	4/4	3	1	iv6					d	i	I	iv6	iv		6					m	1	1	-2, 2, 1		1	-2	0	1	0.0	0.0	0.125	0.0
190	190	0	0	4/4	3	1	I64					d	i	I	I64	I		64					M	1	1	3, 2, 6		2	3	0	4	0.0	0.0	1.5	0.0
190	190	1/4	1/4	4/4	3	1	I6					d	i	I	I6	I		6					M	1	1	6, 3, 2		2	6	2	4	0.3333333333333333	0.25	1.25	0.16666666666666666
190	190	3/4	3/4	4/4	3	1	IV					d	i	I	IV	IV							M	1	1	1, 5, 2		1	1	0	3	0.0	0.0	0.625	0.0
190	190	7/8	7/8	4/4	3	1	iv					d	i	I	iv	iv							m	1	1	1, -2, 2		1	1	0	1	0.0	0.0	0.125	0.0
191	191	0	0	4/4	3	1	i]					d	i	I	i	i							m	1	1	2, -1, 3		2	2	0	4	0.0	0.0	1.0	0.0
191	191	1/4	1/4	4/4	3	1	iv					d	i		iv	iv							m	1	1	1, -2, 2		1	1	1	6	0.14285714285714285	0.125	2.0	0.058823529411764705
191	191	3/4	3/4	4/4	3	1	iv6					d	i		iv6	iv		6					m	1	1	-2, 2, 1		1	-2	2	3	0.4	0.25	0.625	0.2857142857142857
192	192	0	0	4/4	3	1	i					d	i		i	i							m	1	1	2, -1, 3		2	2	2	8	0.2	0.25	2.25	0.1
192	192	1/2	1/2	4/4	3	1	iv					d	i		iv	iv							m	1	1	1, -2, 2		1	1	0	4	0.0	0.0	1.5	0.0
193	193	0	0	4/4	3	1	I(4)					d	i		I(4)	I			4				M	1	1	2, 1, 3		2	2	0	4	0.0	0.0	3.125	0.0
193	193	1/8	1/8	4/4	3	1	I\\					d	i		I	I						\\	M	1	1	2, 6, 3		2	2	32	36	0.47058823529411764	1.625	10.25	0.1368421052631579
